RegionID,SizeRank,RegionName,RegionType,State,City,Metro,CountyName,10_31_2023,11_30_2023,12_31_2023,1_31_2024,March292024
70829,21,30044,zip,GA,Lawrenceville,"Atlanta-Sandy Springs-Alpharetta, GA",Gwinnett County,355466.1624,356531.3312,357231.2272,357817.4275,359129
70828,53,30043,zip,GA,Lawrenceville,"Atlanta-Sandy Springs-Alpharetta, GA",Gwinnett County,407230.8212,408189.9066,408954.9592,409482.796,410881
70810,94,30024,zip,GA,Suwanee,"Atlanta-Sandy Springs-Alpharetta, GA",Gwinnett County,589624.749,593870.7437,597502.0467,600123.4581,603391
71067,132,30349,zip,GA,,"Atlanta-Sandy Springs-Alpharetta, GA",Fulton County,274830.0111,274747.0296,274695.5251,275059.0572,275586
70825,160,30040,zip,GA,Cumming,"Atlanta-Sandy Springs-Alpharetta, GA",Forsyth County,573437.8431,577679.2617,581616.9886,584830.9299,587961
70826,168,30041,zip,GA,Cumming,"Atlanta-Sandy Springs-Alpharetta, GA",Forsyth County,623672.2847,628100.9354,631800.7812,634730.7522,638304
70835,170,30052,zip,GA,Loganville,"Atlanta-Sandy Springs-Alpharetta, GA",Walton County,387075.0527,388316.143,389711.3215,391165.1625,393090
70832,181,30047,zip,GA,Lilburn,"Atlanta-Sandy Springs-Alpharetta, GA",Gwinnett County,387843.5122,389502.9672,390515.4176,391121.5694,392684
70904,195,30127,zip,GA,Powder Springs,"Atlanta-Sandy Springs-Alpharetta, GA",Cobb County,364045.4664,364409.945,364372.9272,364332.231,364724
71005,239,30281,zip,GA,Stockbridge,"Atlanta-Sandy Springs-Alpharetta, GA",Henry County,302187.2295,302435.0204,302433.1127,302354.784,302366
70791,282,30004,zip,GA,Milton,"Atlanta-Sandy Springs-Alpharetta, GA",Fulton County,744990.203,751471.5978,756877.2636,760829.8105,764976
70808,285,30022,zip,GA,Johns Creek,"Atlanta-Sandy Springs-Alpharetta, GA",Fulton County,644006.8122,649112.2308,653231.0944,655535.8214,658010
71038,300,30318,zip,GA,Atlanta,"Atlanta-Sandy Springs-Alpharetta, GA",Fulton County,395095.8767,396601.3113,397016.2,397582.2801,398190
70839,308,30058,zip,GA,Lithonia,"Atlanta-Sandy Springs-Alpharetta, GA",Dekalb County,266189.5207,266320.9896,266529.7911,266547.4672,266786
70874,310,30096,zip,GA,Duluth,"Atlanta-Sandy Springs-Alpharetta, GA",Gwinnett County,402327.6035,404058.6049,405429.3242,406707.8512,408583
70909,329,30135,zip,GA,Douglasville,"Atlanta-Sandy Springs-Alpharetta, GA",Douglas County,323995.2968,324339.6235,324271.0284,323838.2133,323825
70953,345,30188,zip,GA,Woodstock,"Atlanta-Sandy Springs-Alpharetta, GA",Cherokee County,444910.4669,446639.9483,448049.4751,449546.8555,451652
70842,359,30062,zip,GA,Marietta,"Atlanta-Sandy Springs-Alpharetta, GA",Cobb County,525678.2141,527168.2289,528344.3938,529091.8024,531309
71719,366,31907,zip,GA,Columbus,"Columbus, GA-AL",Muscogee County,143585.9619,144479.6029,144809.4426,145103.3402,145474
71050,428,30331,zip,GA,Atlanta,"Atlanta-Sandy Springs-Alpharetta, GA",Fulton County,296048.7048,296096.1771,295880.8112,295890.8726,295853
70917,433,30144,zip,GA,Kennesaw,"Atlanta-Sandy Springs-Alpharetta, GA",Cobb County,386379.2414,387121.6723,388147.7441,389085.1456,390854
70878,441,30101,zip,GA,Acworth,"Atlanta-Sandy Springs-Alpharetta, GA",Cobb County,430056.8801,430655.116,431297.3346,431860.1541,433125
70862,480,30083,zip,GA,Stone Mountain,"Atlanta-Sandy Springs-Alpharetta, GA",Dekalb County,268560.0765,268586.532,269272.1462,269767.7436,270735
71342,488,30906,zip,GA,Augusta,"Augusta-Richmond County, GA-SC",Richmond County,135925.6009,135710.4346,135217.9722,134751.4145,134954
70984,508,30253,zip,GA,McDonough,"Atlanta-Sandy Springs-Alpharetta, GA",Henry County,329141.1152,329420.9651,329424.4334,329489.2265,329744
70846,514,30066,zip,GA,Marietta,"Atlanta-Sandy Springs-Alpharetta, GA",Cobb County,434210.8267,435267.8423,436042.6384,436573.5054,438055
70803,528,30016,zip,GA,Covington,"Atlanta-Sandy Springs-Alpharetta, GA",Newton County,288396.0012,289195.814,289361.194,289428.0415,289537
71168,570,30518,zip,GA,Buford,"Atlanta-Sandy Springs-Alpharetta, GA",Gwinnett County,452716.7793,454505.5172,456160.9569,457309.9394,458933
71434,596,31088,zip,GA,Warner Robins,"Warner Robins, GA",Houston County,218668.7272,219320.1378,219640.4993,219907.1076,220431
70891,604,30114,zip,GA,Canton,"Atlanta-Sandy Springs-Alpharetta, GA",Cherokee County,446895.9379,449004.8867,450610.7369,452076.9628,453675
70991,634,30263,zip,GA,Newnan,"Atlanta-Sandy Springs-Alpharetta, GA",Coweta County,323364.5179,324547.0204,325120.348,325478.7526,325990
70854,672,30075,zip,GA,Roswell,"Atlanta-Sandy Springs-Alpharetta, GA",Fulton County,672310.5824,676717.1883,679990.5074,681252.8859,683632
71532,692,31419,zip,GA,Savannah,"Savannah, GA",Chatham County,297855.867,300031.109,301508.0269,302685.6007,303669
70859,827,30080,zip,GA,Smyrna,"Atlanta-Sandy Springs-Alpharetta, GA",Cobb County,489191.5771,491262.5774,492596.1741,493530.1167,494849
71319,842,30809,zip,GA,Evans,"Augusta-Richmond County, GA-SC",Columbia County,381601.3068,380611.8818,380001.9563,380202.9597,380845
71286,871,30721,zip,GA,Dalton,"Dalton, GA",Whitfield County,204964.1248,206346.5365,207687.4894,208353.5684,209296
71169,883,30519,zip,GA,Buford,"Atlanta-Sandy Springs-Alpharetta, GA",Gwinnett County,462492.6865,464271.2472,466203.6786,467815.9316,470009
70806,922,30019,zip,GA,Dacula,"Atlanta-Sandy Springs-Alpharetta, GA",Gwinnett County,449274.6495,450266.1741,450937.2612,451425.3068,452725
70892,958,30115,zip,GA,Canton,"Atlanta-Sandy Springs-Alpharetta, GA",Cherokee County,509589.3882,512708.0214,514930.0385,516636.9068,518578
70975,969,30236,zip,GA,,"Atlanta-Sandy Springs-Alpharetta, GA",Clayton County,270560.564,271008.2229,271406.4695,271765.8539,272198
70983,982,30252,zip,GA,McDonough,"Atlanta-Sandy Springs-Alpharetta, GA",Henry County,385419.5726,385206.0329,385124.6581,384997.2903,385301
70871,1003,30093,zip,GA,Norcross,"Atlanta-Sandy Springs-Alpharetta, GA",Gwinnett County,309504.187,310814.182,311644.2558,312254.5031,313569
70844,1035,30064,zip,GA,Marietta,"Atlanta-Sandy Springs-Alpharetta, GA",Cobb County,485889.5908,487151.1417,488148.0514,489103.9933,491292
70875,1041,30097,zip,GA,Duluth,"Atlanta-Sandy Springs-Alpharetta, GA",Gwinnett County,706063.9549,709702.137,712092.1517,712589.7566,714292
70824,1095,30039,zip,GA,Snellville,"Atlanta-Sandy Springs-Alpharetta, GA",Gwinnett County,346937.6474,346939.3816,347158.6831,347268.2884,348026
71343,1130,30907,zip,GA,Martinez,"Augusta-Richmond County, GA-SC",Columbia County,247648.0861,247832.2845,247854.7071,248060.3596,248441
70970,1133,30228,zip,GA,Hampton,"Atlanta-Sandy Springs-Alpharetta, GA",Henry County,318473.0147,318463.2075,318369.1744,318413.5556,318962
70929,1159,30157,zip,GA,Dallas,"Atlanta-Sandy Springs-Alpharetta, GA",Paulding County,322685.0464,322830.423,322610.6448,322570.5363,323003
70817,1185,30032,zip,GA,Decatur,"Atlanta-Sandy Springs-Alpharetta, GA",Dekalb County,265906.2514,265793.7287,266425.283,266849.8941,267927
70906,1254,30132,zip,GA,Dallas,"Atlanta-Sandy Springs-Alpharetta, GA",Paulding County,370740.1478,370944.4656,370907.7916,371200.3012,371677
71230,1278,30606,zip,GA,Athens,"Athens-Clarke County, GA",Clarke County,352217.3605,353404.1879,355147.9636,357005.8402,358577
70847,1322,30067,zip,GA,Marietta,"Atlanta-Sandy Springs-Alpharetta, GA",Cobb County,515100.5137,517245.0652,518718.1392,519349.1918,520790
71158,1324,30506,zip,GA,Gainesville,"Gainesville, GA",Hall County,420315.3111,421929.9386,423065.7433,423458.6761,424416
71275,1342,30680,zip,GA,Winder,"Atlanta-Sandy Springs-Alpharetta, GA",Barrow County,326044.2074,326869.2172,327375.8481,327748.3976,328489
70925,1368,30152,zip,GA,Kennesaw,"Atlanta-Sandy Springs-Alpharetta, GA",Cobb County,472413.6893,472903.0013,473563.0775,474246.9605,476443
71323,1396,30813,zip,GA,Grovetown,"Augusta-Richmond County, GA-SC",Columbia County,290620.8711,290236.7278,289848.2393,289763.9464,289908
71298,1401,30736,zip,GA,Ringgold,"Chattanooga, TN-GA",Catoosa County,290959.2994,292140.1016,292792.666,293677.0872,295024
70819,1422,30034,zip,GA,Decatur,"Atlanta-Sandy Springs-Alpharetta, GA",Dekalb County,262543.8951,262642.9821,262919.5856,262628.4335,262612
70855,1423,30076,zip,GA,Roswell,"Atlanta-Sandy Springs-Alpharetta, GA",Fulton County,559796.1198,563899.0899,567037.2425,568927.4862,570697
71325,1456,30815,zip,GA,Hephzibah,"Augusta-Richmond County, GA-SC",Richmond County,199017.5012,199961.6456,200683.9667,201386.072,202339
70935,1461,30165,zip,GA,Rome,"Rome, GA",Floyd County,216702.8682,217928.2469,219100.2253,219988.5114,220937
70959,1470,30213,zip,GA,Fairburn,"Atlanta-Sandy Springs-Alpharetta, GA",Fulton County,333866.3885,334119.374,334325.0031,334877.4134,335286
71344,1478,30909,zip,GA,Augusta,"Augusta-Richmond County, GA-SC",Richmond County,257166.4374,257570.2249,257605.206,257413.8031,257158
71039,1481,30319,zip,GA,Brookhaven,"Atlanta-Sandy Springs-Alpharetta, GA",Dekalb County,774270.7398,777996.0593,780083.2882,780552.8718,781360
70830,1501,30045,zip,GA,Lawrenceville,"Atlanta-Sandy Springs-Alpharetta, GA",Gwinnett County,393458.3322,393993.933,394618.0073,395419.5564,396782
70908,1537,30134,zip,GA,Douglasville,"Atlanta-Sandy Springs-Alpharetta, GA",Douglas County,293259.0183,293187.1891,292849.5795,292415.336,292612
71141,1547,30458,zip,GA,Statesboro,"Statesboro, GA",Bulloch County,228387.3635,230661.8419,232659.7297,234548.9722,236208
71499,1550,31313,zip,GA,Hinesville,"Hinesville, GA",Liberty County,218379.2966,219702.8913,220708.5348,221547.2162,222549
70903,1649,30126,zip,GA,Mableton,"Atlanta-Sandy Springs-Alpharetta, GA",Cobb County,378929.9294,379090.3625,379275.727,379736.9012,381146
71410,1655,31061,zip,GA,Milledgeville,"Milledgeville, GA",Baldwin County,182225.6173,183277.3906,184357.8971,184848.7881,185262
70954,1677,30189,zip,GA,Woodstock,"Atlanta-Sandy Springs-Alpharetta, GA",Cherokee County,435821.143,437834.4812,439299.5672,440504.2294,442375
70831,1697,30046,zip,GA,Lawrenceville,"Atlanta-Sandy Springs-Alpharetta, GA",Gwinnett County,340047.5671,341095.925,341956.396,342688.6228,343949
70823,1777,30038,zip,GA,Lithonia,"Atlanta-Sandy Springs-Alpharetta, GA",Dekalb County,278767.1475,278873.1421,279009.2048,278889.823,279208
70840,1811,30060,zip,GA,Marietta,"Atlanta-Sandy Springs-Alpharetta, GA",Cobb County,332831.3821,333571.123,334324.68,335293.8924,337031
71229,1823,30605,zip,GA,Athens,"Athens-Clarke County, GA",Clarke County,312747.1596,314343.0197,316109.3215,317632.4694,318905
70879,1837,30102,zip,GA,Acworth,"Atlanta-Sandy Springs-Alpharetta, GA",Cherokee County,377057.9344,378473.9895,379389.8857,380121.2011,381420
71016,1853,30294,zip,GA,Ellenwood,"Atlanta-Sandy Springs-Alpharetta, GA",Henry County,297069.0919,297291.2108,297375.2434,297083.9536,296778
70897,1864,30120,zip,GA,Cartersville,"Atlanta-Sandy Springs-Alpharetta, GA",Bartow County,310491.9468,310795.7167,311516.4376,312195.2111,313103
70977,1884,30238,zip,GA,Jonesboro,"Atlanta-Sandy Springs-Alpharetta, GA",Clayton County,243488.6846,243025.9606,242667.6234,242897.88,243861
70993,1905,30265,zip,GA,Newnan,"Atlanta-Sandy Springs-Alpharetta, GA",Coweta County,387494.3976,388215.4971,388539.6242,389122.6058,389982
71277,1908,30701,zip,GA,Calhoun,"Calhoun, GA",Gordon County,250733.3299,252066.8945,253289.509,254632.8903,256271
70792,1965,30005,zip,GA,Alpharetta,"Atlanta-Sandy Springs-Alpharetta, GA",Fulton County,726635.3962,732484.9659,737497.0247,741008.0441,744385
70863,1968,30084,zip,GA,Tucker,"Atlanta-Sandy Springs-Alpharetta, GA",Dekalb County,388395.1638,390233.5279,392088.2008,393741.0432,395716
70857,1970,30078,zip,GA,Snellville,"Atlanta-Sandy Springs-Alpharetta, GA",Gwinnett County,368344.4815,368981.7094,369784.0807,370410.7359,371678
71721,2031,31909,zip,GA,Columbus,"Columbus, GA-AL",Muscogee County,213942.0726,215088.6941,215624.9404,215984.4358,216412
70801,2100,30014,zip,GA,Covington,"Atlanta-Sandy Springs-Alpharetta, GA",Newton County,296066.3543,296914.7197,297452.5115,297908.5327,298703
70961,2107,30215,zip,GA,Fayetteville,"Atlanta-Sandy Springs-Alpharetta, GA",Fayette County,443984.8941,445229.9648,446109.6225,446853.2755,448228
71047,2187,30328,zip,GA,Sandy Springs,"Atlanta-Sandy Springs-Alpharetta, GA",Fulton County,706682.748,711248.0193,714575.3877,715281.951,715829
71189,2217,30542,zip,GA,Flowery Branch,"Gainesville, GA",Hall County,414396.7435,415644.3968,416471.3129,417385.6579,418721
71068,2282,30350,zip,GA,Sandy Springs,"Atlanta-Sandy Springs-Alpharetta, GA",Fulton County,754054.6266,758069.1691,760750.4924,762051.8204,763608
71056,2289,30338,zip,GA,Dunwoody,"Atlanta-Sandy Springs-Alpharetta, GA",Dekalb County,684411.9613,687702.9154,690433.6835,691592.6583,693175
70866,2316,30087,zip,GA,Stone Mountain,"Atlanta-Sandy Springs-Alpharetta, GA",Dekalb County,355934.9976,356539.447,356882.9335,356976.2535,357409
70947,2330,30180,zip,GA,Villa Rica,"Atlanta-Sandy Springs-Alpharetta, GA",Carroll County,314718.0086,315436.1929,315875.8857,316243.7129,316799
71590,2363,31602,zip,GA,Valdosta,"Valdosta, GA",Lowndes County,183738.5159,184138.7635,184881.6692,185870.7991,187123
70996,2379,30269,zip,GA,Peachtree City,"Atlanta-Sandy Springs-Alpharetta, GA",Fayette County,527299.9874,531005.3971,534249.9727,536968.8785,539370
70894,2463,30117,zip,GA,Carrollton,"Atlanta-Sandy Springs-Alpharetta, GA",Carroll County,263609.0915,264804.7028,265680.5949,266467.9454,267299
71001,2468,30274,zip,GA,Riverdale,"Atlanta-Sandy Springs-Alpharetta, GA",Clayton County,214545.5287,215283.8493,215671.4258,216063.6916,216810
70968,2507,30223,zip,GA,Experiment,"Atlanta-Sandy Springs-Alpharetta, GA",Spalding County,206533.021,206885.6365,207589.9081,208084.045,209035
71035,2528,30315,zip,GA,Atlanta,"Atlanta-Sandy Springs-Alpharetta, GA",Fulton County,251294.5921,251831.9323,252731.9003,254175.1093,255720
71520,2530,31405,zip,GA,Savannah,"Savannah, GA",Chatham County,316979.4029,319535.3967,321574.0105,323198.3571,324213
71062,2609,30344,zip,GA,East Point,"Atlanta-Sandy Springs-Alpharetta, GA",Fulton County,250618.5996,252272.0531,253681.7073,255236.111,257038
70931,2702,30161,zip,GA,Rome,"Rome, GA",Floyd County,190156.5066,191014.3299,191984.0907,192704.847,193472
70795,2747,30008,zip,GA,Marietta,"Atlanta-Sandy Springs-Alpharetta, GA",Cobb County,335650.0187,335766.812,335927.5755,336438.1174,337658
71036,2813,30316,zip,GA,Atlanta,"Atlanta-Sandy Springs-Alpharetta, GA",Dekalb County,410824.4954,412187.1639,413620.6645,414524.8463,415291
71475,2838,31210,zip,GA,Macon,"Macon-Bibb County, GA",Bibb County,270429.8633,270673.7738,270628.5096,270090.8718,269804
70870,2848,30092,zip,GA,Peachtree Corners,"Atlanta-Sandy Springs-Alpharetta, GA",Gwinnett County,562365.7531,564337.0888,566147.9964,568051.0777,570672
71279,2849,30705,zip,GA,Chatsworth,"Dalton, GA",Murray County,218414.3775,219659.0459,220629.3837,220787.9582,220745
71521,2875,31406,zip,GA,Savannah,"Savannah, GA",Chatham County,298683.2743,300824.1878,303043.3757,305041.8553,306817
71519,2889,31404,zip,GA,Savannah,"Savannah, GA",Chatham County,229652.742,231920.1304,233722.6597,235199.6275,236137
70872,2892,30094,zip,GA,Conyers,"Atlanta-Sandy Springs-Alpharetta, GA",Rockdale County,320521.1947,320673.0923,320936.9499,321584.6761,322686
70989,2944,30260,zip,GA,Morrow,"Atlanta-Sandy Springs-Alpharetta, GA",Clayton County,226677.3557,226768.8108,226698.3323,227178.309,228318
71181,2978,30534,zip,GA,Dawsonville,"Atlanta-Sandy Springs-Alpharetta, GA",Dawson County,402398.8451,405172.1861,407268.6524,409175.37,411223
70848,3038,30068,zip,GA,Marietta,"Atlanta-Sandy Springs-Alpharetta, GA",Cobb County,649122.8134,650978.9938,652802.5028,653878.4689,656710
71716,3083,31904,zip,GA,Columbus,"Columbus, GA-AL",Muscogee County,185747.9121,186895.7698,187520.9842,187679.081,187950
71509,3149,31324,zip,GA,Richmond Hill,"Savannah, GA",Bryan County,395842.7921,398030.1555,400027.1766,401839.9016,404128
71060,3202,30342,zip,GA,Sandy Springs,"Atlanta-Sandy Springs-Alpharetta, GA",Fulton County,921382.8828,927327.9042,931083.1142,932406.2401,934197
70799,3217,30012,zip,GA,Conyers,"Atlanta-Sandy Springs-Alpharetta, GA",Rockdale County,265452.8444,265615.9156,265517.0259,265737.1056,266549
71589,3312,31601,zip,GA,Valdosta,"Valdosta, GA",Lowndes County,99232.15237,99120.92279,99530.96121,100086.2287,100888
71031,3316,30311,zip,GA,Atlanta,"Atlanta-Sandy Springs-Alpharetta, GA",Fulton County,263384.4457,263226.8559,263104.1114,263962.4096,265430
70980,3321,30248,zip,GA,Locust Grove,"Atlanta-Sandy Springs-Alpharetta, GA",Henry County,336294.758,335981.4971,335372.1053,334586.9926,334300
71154,3343,30501,zip,GA,Gainesville,"Gainesville, GA",Hall County,293044.5115,293973.0436,294619.7007,295591.5897,297295
71059,3362,30341,zip,GA,Chamblee,"Atlanta-Sandy Springs-Alpharetta, GA",Dekalb County,524826.7242,528227.5043,531024.5565,532996.7125,535458
70813,3427,30028,zip,GA,Cumming,"Atlanta-Sandy Springs-Alpharetta, GA",Forsyth County,516960.5974,520376.3062,523653.1471,526923.9334,530276
71057,3472,30339,zip,GA,Vinings,"Atlanta-Sandy Springs-Alpharetta, GA",Cobb County,572598.4095,574064.8608,574554.5459,575274.5302,576743
70818,3499,30033,zip,GA,Decatur,"Atlanta-Sandy Springs-Alpharetta, GA",Dekalb County,502138.3786,505510.5365,507757.6792,508639.7942,509930
71043,3514,30324,zip,GA,Atlanta,"Atlanta-Sandy Springs-Alpharetta, GA",Fulton County,675866.1327,679431.8823,681135.5436,681284.3773,681938
71196,3531,30549,zip,GA,Jefferson,"Jefferson, GA",Jackson County,386024.756,387353.3507,388501.5481,389801.143,391807
71626,3567,31705,zip,GA,Albany,"Albany, GA",Dougherty County,80706.34856,81115.84324,80973.53308,81108.70439,81650
70815,3583,30030,zip,GA,Decatur,"Atlanta-Sandy Springs-Alpharetta, GA",Dekalb County,669520.5685,673805.9807,676792.3883,677656.5689,678782
70978,3611,30240,zip,GA,Lagrange,"LaGrange, GA-AL",Troup County,227047.0065,228698.5954,229689.0261,230447.3065,231556
71058,3711,30340,zip,GA,,"Atlanta-Sandy Springs-Alpharetta, GA",Dekalb County,376939.4471,378264.5461,378980.1526,379133.3155,380111
71507,3725,31322,zip,GA,Pooler,"Savannah, GA",Chatham County,341818.6876,343682.3679,345271.8176,346525.719,347799
71302,3776,30741,zip,GA,Rossville,"Chattanooga, TN-GA",Walker County,184686.7056,185563.474,186425.3674,187414.6181,188355
70960,3778,30214,zip,GA,Fayetteville,"Atlanta-Sandy Springs-Alpharetta, GA",Fayette County,381419.9259,381033.8734,380601.22,380412.3945,381465
70899,3790,30122,zip,GA,Lithia Springs,"Atlanta-Sandy Springs-Alpharetta, GA",Douglas County,282882.0602,283601.9603,284083.4891,284078.2021,284610
70867,3854,30088,zip,GA,Stone Mountain,"Atlanta-Sandy Springs-Alpharetta, GA",Dekalb County,252190.6069,251941.2178,252243.9063,252414.3025,253142
71471,4013,31206,zip,GA,Macon,"Macon-Bibb County, GA",Bibb County,71467.14088,71301.98071,70952.64909,70423.63938,70073
71469,4050,31204,zip,GA,Macon,"Macon-Bibb County, GA",Bibb County,110068.8224,109829.8543,109711.6486,109380.5702,109319
71656,4074,31763,zip,GA,Leesburg,"Albany, GA",Lee County,236777.6989,237201.4939,237440.1692,237838.107,238517
71030,4087,30310,zip,GA,Atlanta,"Atlanta-Sandy Springs-Alpharetta, GA",Fulton County,282797.0413,283940.6185,285272.2851,287000.2415,288721
71681,4126,31794,zip,GA,Tifton,"Tifton, GA",Tift County,158012.6009,158093.8263,158263.2404,158062.8514,158109
71159,4132,30507,zip,GA,Gainesville,"Gainesville, GA",Hall County,303726.0986,304821.3058,305371.8469,306067.876,307277
70851,4198,30071,zip,GA,Norcross,"Atlanta-Sandy Springs-Alpharetta, GA",Gwinnett County,351479.7706,352818.6145,353420.8668,353643.7655,354518
71374,4208,31021,zip,GA,Dublin,"Dublin, GA",Laurens County,170887.0458,171008.2526,171703.9012,172392.0981,173051
70969,4222,30224,zip,GA,Griffin,"Atlanta-Sandy Springs-Alpharetta, GA",Spalding County,252514.1955,253619.8723,254602.4303,255544.6198,256597
71552,4257,31525,zip,GA,Brunswick,"Brunswick, GA",Glynn County,251887.334,252859.9316,253818.9558,254940.6993,256041
71180,4268,30533,zip,GA,Dahlonega,,Lumpkin County,344905.2933,346989.1525,348343.9741,349445.8329,350877
71048,4290,30329,zip,GA,Atlanta,"Atlanta-Sandy Springs-Alpharetta, GA",Dekalb County,559069.1955,561757.1479,562815.2392,562694.7126,563719
71439,4393,31093,zip,GA,Warner Robins,"Warner Robins, GA",Houston County,150010.5117,150360.209,150769.5573,150916.5396,151337
71285,4404,30720,zip,GA,Dalton,"Dalton, GA",Whitfield County,250433.5607,251866.6925,253367.9714,254490.2896,255596
71018,4448,30296,zip,GA,Riverdale,"Atlanta-Sandy Springs-Alpharetta, GA",Clayton County,248033.5303,248144.9212,248250.3568,248653.5357,249721
70914,4480,30141,zip,GA,Hiram,"Atlanta-Sandy Springs-Alpharetta, GA",Paulding County,321010.2672,321000.1109,321224.5947,321511.6924,322090
71340,4548,30904,zip,GA,Augusta,"Augusta-Richmond County, GA-SC",Richmond County,150705.9314,150695.9195,150469.3616,150274.5736,150568
71026,4556,30306,zip,GA,Atlanta,"Atlanta-Sandy Springs-Alpharetta, GA",Fulton County,1003876.919,1009672.585,1011558.531,1010578.66,1012365
70807,4565,30021,zip,GA,Clarkston,"Atlanta-Sandy Springs-Alpharetta, GA",Dekalb County,301413.8971,302474.5674,303651.6619,304558.7613,305950
70861,4568,30082,zip,GA,Smyrna,"Atlanta-Sandy Springs-Alpharetta, GA",Cobb County,453294.1328,455093.5294,456518.9326,457616.2298,459188
70804,4572,30017,zip,GA,Grayson,"Atlanta-Sandy Springs-Alpharetta, GA",Gwinnett County,433594.7735,433691.7425,433783.4178,433842.1573,434482
70973,4588,30233,zip,GA,Jackson,"Atlanta-Sandy Springs-Alpharetta, GA",Butts County,272702.7959,273965.9876,274670.4492,274846.2683,275153
71029,4610,30309,zip,GA,Atlanta,"Atlanta-Sandy Springs-Alpharetta, GA",Fulton County,908173.5188,913459.032,916120.2511,915955.7951,915114
71025,4619,30305,zip,GA,Atlanta,"Atlanta-Sandy Springs-Alpharetta, GA",Fulton County,1111652.284,1120076.561,1124839.767,1126266.604,1127787
71157,4688,30504,zip,GA,Gainesville,"Gainesville, GA",Hall County,356513.0305,357044.2036,357309.7115,357576.7554,358549
71019,4728,30297,zip,GA,Forest Park,"Atlanta-Sandy Springs-Alpharetta, GA",Clayton County,176950.1893,176718.2091,176303.5716,176897.1997,178087
70902,4793,30125,zip,GA,Cedartown,"Cedartown, GA",Polk County,182750.9361,183317.5348,183392.0621,183942.5682,185027
70800,4796,30013,zip,GA,Conyers,"Atlanta-Sandy Springs-Alpharetta, GA",Rockdale County,321952.9557,321257.4863,320703.9011,320730.7155,321394
71063,4812,30345,zip,GA,Atlanta,"Atlanta-Sandy Springs-Alpharetta, GA",Dekalb County,599687.9272,603145.3325,605389.444,605772.1966,606944
70893,4851,30116,zip,GA,Carrollton,"Atlanta-Sandy Springs-Alpharetta, GA",Carroll County,275545.9345,276386.1987,276823.9194,277390.4406,278113
70979,4894,30241,zip,GA,Lagrange,"LaGrange, GA-AL",Troup County,192670.7627,194361.5318,195475.7986,196012.6185,196995
70936,4961,30168,zip,GA,Austell,"Atlanta-Sandy Springs-Alpharetta, GA",Cobb County,286984.2311,287452.6991,287799.3938,288228.8625,289029
71679,4987,31792,zip,GA,Thomasville,"Thomasville, GA",Thomas County,179211.8774,180076.5226,181257.6533,182582.7578,183340
70898,5052,30121,zip,GA,Cartersville,"Atlanta-Sandy Springs-Alpharetta, GA",Bartow County,296934.3501,297252.0626,297668.2141,297855.743,298424
70883,5076,30106,zip,GA,Austell,"Atlanta-Sandy Springs-Alpharetta, GA",Cobb County,307193.2774,307329.8176,307347.7014,307465.0333,308279
71260,5145,30655,zip,GA,Monroe,"Atlanta-Sandy Springs-Alpharetta, GA",Walton County,338577.4226,339464.6993,339590.9408,339575.1365,340262
71176,5148,30528,zip,GA,Cleveland,,White County,303978.0217,305528.8722,306901.9031,307952.5051,308970
71593,5152,31605,zip,GA,Valdosta,"Valdosta, GA",Lowndes County,232987.2006,233375.6685,233767.7144,234404.6078,235087
71225,5157,30601,zip,GA,Athens,"Athens-Clarke County, GA",Clarke County,249067.0966,250139.9045,251418.6641,253025.9479,254466
71510,5179,31326,zip,GA,Rincon,"Savannah, GA",Effingham County,308944.3017,310864.4096,312234.1163,313396.4559,314895
71628,5191,31707,zip,GA,Albany,"Albany, GA",Dougherty County,129513.1275,129759.6668,129917.8091,130391.9859,131357
71032,5199,30312,zip,GA,Atlanta,"Atlanta-Sandy Springs-Alpharetta, GA",Fulton County,554140.7069,557170.1463,560657.3593,563112.9092,564316
71539,5209,31503,zip,GA,Waycross,"Waycross, GA",Ware County,122107.0634,122927.3871,123365.6799,123303.6532,122712
71013,5286,30291,zip,GA,Union City,"Atlanta-Sandy Springs-Alpharetta, GA",Fulton County,262529.8614,262330.4049,262030.761,262196.983,262318
70820,5300,30035,zip,GA,Decatur,"Atlanta-Sandy Springs-Alpharetta, GA",Dekalb County,247167.0442,247336.2628,247879.235,248136.0594,248692
71525,5375,31410,zip,GA,Savannah,"Savannah, GA",Chatham County,452489.9683,456190.7688,459334.1318,461359.07,463119
71046,5384,30327,zip,GA,Atlanta,"Atlanta-Sandy Springs-Alpharetta, GA",Fulton County,1535927.182,1539850.397,1542362.751,1545141.261,1550642
71008,5400,30286,zip,GA,Thomaston,"Thomaston, GA",Upson County,159084.2208,159835.3705,160072.8038,159481.0428,158985
71418,5459,31069,zip,GA,Perry,"Warner Robins, GA",Houston County,243181.4326,244198.6258,244832.8057,245344.0182,245757
71034,5467,30314,zip,GA,Atlanta,"Atlanta-Sandy Springs-Alpharetta, GA",Fulton County,238958.2209,239655.7853,239622.9155,240516.9667,241972
71547,5478,31520,zip,GA,Brunswick,"Brunswick, GA",Glynn County,132317.5048,132618.8737,132625.289,132704.4699,133312
71659,5499,31768,zip,GA,Moultrie,"Moultrie, GA",Colquitt County,112830.3348,114158.0434,115161.9254,116112.0226,116650
70916,5547,30143,zip,GA,Jasper,"Atlanta-Sandy Springs-Alpharetta, GA",Pickens County,399069.4144,401189.1764,402251.0703,402488.1272,402685
71576,5605,31558,zip,GA,Saint Marys,"St. Marys, GA",Camden County,288821.5917,289968.83,290870.3507,291376.3222,291913
71028,5628,30308,zip,GA,Atlanta,"Atlanta-Sandy Springs-Alpharetta, GA",Fulton County,676465.2477,678879.2122,680178.9417,678983.8157,677404
71498,5655,31312,zip,GA,Guyton,"Savannah, GA",Effingham County,321791.1603,323220.2175,325011.8468,327380.3841,329953
71027,5695,30307,zip,GA,Atlanta,"Atlanta-Sandy Springs-Alpharetta, GA",Dekalb County,760356.1507,766681.803,770394.305,771226.1897,772790
71162,5746,30512,zip,GA,Blairsville,,Union County,357476.3391,358658.3326,359315.2939,359376.9565,359253
71217,5763,30577,zip,GA,Toccoa,"Toccoa, GA",Stephens County,197766.0897,199235.8288,200014.8974,200366.5705,200636
71718,5814,31906,zip,GA,Columbus,"Columbus, GA-AL",Muscogee County,115730.338,116648.405,116802.3801,116999.4831,117451
71195,5866,30548,zip,GA,Braselton,"Atlanta-Sandy Springs-Alpharetta, GA",Barrow County,470846.0842,472749.9791,474289.2979,475733.521,477664
71273,5874,30677,zip,GA,Watkinsville,"Athens-Clarke County, GA",Oconee County,470409.4066,473317.2463,476933.5187,480556.9283,484225
71377,5918,31024,zip,GA,Eatonton,,Putnam County,376875.5447,378715.9298,379726.2907,378866.7262,377302
71566,5930,31548,zip,GA,Kingsland,"St. Marys, GA",Camden County,278147.7583,278906.4647,279118.1008,279125.373,279527
71361,5947,31008,zip,GA,Byron,"Warner Robins, GA",Peach County,244730.0542,245788.7908,246239.94,246451.5832,246518
71638,6034,31721,zip,GA,Albany,"Albany, GA",Dougherty County,217052.0895,217629.3497,217987.8847,218403.718,218836
70796,6053,30009,zip,GA,Alpharetta,"Atlanta-Sandy Springs-Alpharetta, GA",Fulton County,710732.2739,717865.8901,723706.0141,727042.0812,728967
71358,6109,31005,zip,GA,Bonaire,"Warner Robins, GA",Houston County,278923.8641,279711.2663,280353.4988,281269.9272,282429
71291,6225,30728,zip,GA,Lafayette,"Chattanooga, TN-GA",Walker County,199345.164,199820.9761,199945.7614,199960.1329,199714
71003,6374,30276,zip,GA,Senoia,"Atlanta-Sandy Springs-Alpharetta, GA",Coweta County,465283.1467,468675.2593,472665.0549,475941.8546,478329
71368,6407,31015,zip,GA,Cordele,"Cordele, GA",Crisp County,123723.6976,124011.4565,123788.9343,123489.8679,122809
71187,6408,30540,zip,GA,Ellijay,,Gilmer County,367955.1446,368975.194,368877.613,368136.6381,367655
71261,6409,30656,zip,GA,Monroe,"Atlanta-Sandy Springs-Alpharetta, GA",Walton County,365828.289,367162.0655,368063.9259,369003.2549,370316
70926,6487,30153,zip,GA,Rockmart,"Cedartown, GA",Polk County,246306.8497,246965.9654,247034.4314,247092.2655,247707
71004,6508,30277,zip,GA,Sharpsburg,"Atlanta-Sandy Springs-Alpharetta, GA",Coweta County,413180.1473,414929.8749,416624.479,417973.3794,419661
71650,6551,31750,zip,GA,Fitzgerald,"Fitzgerald, GA",Ben Hill County,112213.7615,111525.7143,111094.5213,111175.1775,111713
71715,6573,31903,zip,GA,Columbus,"Columbus, GA-AL",Muscogee County,58663.01465,59106.74192,59406.35228,59905.87772,60377
71144,6583,30461,zip,GA,Statesboro,"Statesboro, GA",Bulloch County,283066.5854,285297.1795,286877.244,288368.5762,289763
71383,6789,31030,zip,GA,Fort Valley,"Warner Robins, GA",Peach County,136591.4842,137357.4533,137820.5002,137907.6111,137483
71516,6818,31401,zip,GA,Savannah,"Savannah, GA",Chatham County,502403.4723,504260.3096,505627.8536,506842.9754,505645
70884,6911,30107,zip,GA,Ball Ground,"Atlanta-Sandy Springs-Alpharetta, GA",Cherokee County,432922.2529,436405.2246,439097.0005,440724.0817,441415
71479,6938,31216,zip,GA,Macon,"Macon-Bibb County, GA",Bibb County,228196.977,229542.1418,230601.5779,231042.2655,231505
70946,6943,30179,zip,GA,Temple,"Atlanta-Sandy Springs-Alpharetta, GA",Carroll County,276603.8734,277893.0954,278703.3662,279248.9329,279928
71622,6953,31701,zip,GA,Albany,"Albany, GA",Dougherty County,70144.9512,70208.67616,70014.95912,70127.34852,70614
71399,7030,31047,zip,GA,Kathleen,"Warner Robins, GA",Houston County,336098.4832,337170.0543,337891.6986,338835.9882,339997
71280,7057,30707,zip,GA,Chickamauga,"Chattanooga, TN-GA",Walker County,237983.5215,238283.7591,238650.8482,239068.9153,239418
70798,7061,30011,zip,GA,Auburn,"Atlanta-Sandy Springs-Alpharetta, GA",Barrow County,366867.1025,367301.1034,367654.7201,368219.7554,369421
71549,7074,31522,zip,GA,Saint Simons Island,"Brunswick, GA",Glynn County,703014.135,707856.7059,712599.7288,716004.6895,718810
71542,7156,31513,zip,GA,Baxley,,Appling County,140926.2383,141866.3883,142311.1853,142407.632,142462
71630,7167,31709,zip,GA,Americus,"Americus, GA",Sumter County,126104.5395,126611.458,126823.5825,127180.7123,127846
71382,7189,31029,zip,GA,Forsyth,"Macon-Bibb County, GA",Monroe County,281530.4157,281716.946,282310.0282,282259.1323,282105
71334,7192,30824,zip,GA,Thomson,"Augusta-Richmond County, GA-SC",McDuffie County,168839.9457,169991.76,170189.4104,170160.6969,170603
71338,7214,30901,zip,GA,Augusta,"Augusta-Richmond County, GA-SC",Richmond County,68997.85643,69329.37834,69348.70184,69385.12938,70048
71699,7273,31820,zip,GA,Midland,"Columbus, GA-AL",Muscogee County,358709.7449,359240.8789,359459.8584,359425.3087,359885
71076,7313,30360,zip,GA,Dunwoody,"Atlanta-Sandy Springs-Alpharetta, GA",Dekalb County,487705.565,491507.8198,494902.0622,497070.1554,498827
71305,7321,30747,zip,GA,Summerville,"Summerville, GA",Chattooga County,162202.3984,162853.927,163086.7565,163178.148,163148
71522,7355,31407,zip,GA,Port Wentworth,"Savannah, GA",Chatham County,295899.2206,296985.2163,297856.543,298764.7204,300272
71167,7491,30517,zip,GA,Braselton,"Atlanta-Sandy Springs-Alpharetta, GA",Barrow County,434317.2772,434614.0427,434602.8651,434519.3021,435149
71000,7496,30273,zip,GA,Rex,"Atlanta-Sandy Springs-Alpharetta, GA",Clayton County,249973.6035,250333.6674,250638.5424,250892.9922,251403
71150,7538,30474,zip,GA,Vidalia,"Vidalia, GA",Toombs County,163351.0982,165318.3479,166777.5003,167380.3231,168047
71070,7623,30354,zip,GA,Atlanta,"Atlanta-Sandy Springs-Alpharetta, GA",Fulton County,233994.0463,235247.2767,236338.8394,237262.6303,237970
71563,7642,31545,zip,GA,Jesup,"Jesup, GA",Wayne County,178182.1039,179070.1948,179399.2757,179390.5551,179657
70887,7692,30110,zip,GA,Bremen,"Atlanta-Sandy Springs-Alpharetta, GA",Haralson County,259569.2186,260841.9459,262073.1987,263399.9759,265185
75442,7705,39828,zip,GA,Cairo,,Grady County,148018.7942,148023.5726,147553.2368,147226.6137,147244
71481,7741,31220,zip,GA,Macon,"Macon-Bibb County, GA",Bibb County,228983.9578,229496.1168,229641.0617,229227.0605,228856
71476,7754,31211,zip,GA,Macon,"Macon-Bibb County, GA",Bibb County,159103.9117,159222.1826,159196.9091,158539.7809,158326
71236,7792,30620,zip,GA,Bethlehem,"Atlanta-Sandy Springs-Alpharetta, GA",Barrow County,350950.8636,352133.0888,352977.6362,353870.6704,355214
71249,7818,30635,zip,GA,,,Elbert County,149736.5499,150915.4158,151192.8264,150959.7927,150573
71254,7837,30643,zip,GA,Hartwell,,Hart County,292060.1004,293354.2877,294046.9861,293841.0945,293604
71544,7853,31516,zip,GA,Blackshear,"Waycross, GA",Pierce County,165709.3029,166669.9552,166865.2725,166598.7582,166183
71336,7875,30830,zip,GA,Waynesboro,"Augusta-Richmond County, GA-SC",Burke County,152438.8373,151775.5632,150747.972,149581.2771,148609
71385,7896,31032,zip,GA,Gray,"Macon-Bibb County, GA",Jones County,253171.3779,253526.0392,254041.632,254284.3288,254996
71529,7911,31415,zip,GA,Savannah,"Savannah, GA",Chatham County,128890.1794,130784.1112,131972.521,133878.4433,135589
71480,7942,31217,zip,GA,,"Macon-Bibb County, GA",Bibb County,89484.82512,89054.32278,88467.37945,87372.19931,86434
71605,7990,31632,zip,GA,,"Valdosta, GA",Lowndes County,269431.0488,269592.6849,269608.2502,269587.6531,269732
70880,7990,30103,zip,GA,Adairsville,"Atlanta-Sandy Springs-Alpharetta, GA",Bartow County,280011.9631,280706.2105,281251.0691,282043.955,283311
71559,7994,31539,zip,GA,Hazlehurst,,Jeff Davis County,123133.2141,124412.3313,125124.812,125123.2869,124437
71037,8058,30317,zip,GA,Atlanta,"Atlanta-Sandy Springs-Alpharetta, GA",Dekalb County,551734.7226,555547.5053,558540.9046,559964.6401,561770
70955,8063,30204,zip,GA,Barnesville,"Atlanta-Sandy Springs-Alpharetta, GA",Lamar County,224498.2292,226573.3487,228349.8548,229336.7559,229926
71376,8089,31023,zip,GA,Eastman,,Dodge County,130799.3351,130503.4654,129307.5135,128436.8268,128138
71550,8136,31523,zip,GA,Brunswick,"Brunswick, GA",Glynn County,305110.7318,306365.0058,307428.2316,308568.609,309602
71555,8160,31533,zip,GA,Douglas,"Douglas, GA",Coffee County,127462.5539,127478.7501,127160.7858,126304.0694,125363
71537,8205,31501,zip,GA,Waycross,"Waycross, GA",Ware County,111970.3453,112120.8165,112500.9003,112884.4443,112994
71253,8387,30642,zip,GA,Greensboro,,Greene County,689582.8168,689736.2549,687285.8215,682606.3047,678103
71105,8447,30401,zip,GA,Swainsboro,,Emanuel County,107786.2841,108108.4453,108124.5195,107992.4188,107843
71259,8530,30650,zip,GA,Madison,"Atlanta-Sandy Springs-Alpharetta, GA",Morgan County,388789.5188,390857.6501,392633.0104,393475.2192,394204
71055,8589,30337,zip,GA,College Park,"Atlanta-Sandy Springs-Alpharetta, GA",Fulton County,312105.7206,313291.8132,313621.8366,313878.9316,315199
71163,8641,30513,zip,GA,Blue Ridge,,Fannin County,494045.0151,495717.1438,494647.3925,491658.7751,488897
71238,8652,30622,zip,GA,Bogart,"Athens-Clarke County, GA",Oconee County,440712.0757,442712.9327,444738.5455,446660.9384,449063
71173,8675,30523,zip,GA,Clarkesville,"Cornelia, GA",Habersham County,331971.5935,332802.4624,332869.0565,332919.7801,332968
75436,8683,39819,zip,GA,Bainbridge,"Bainbridge, GA",Decatur County,175592.6138,176365.0093,176773.5944,176743.2263,176566
71502,8722,31316,zip,GA,Ludowici,"Hinesville, GA",Long County,268560.5007,269344.1102,269892.9074,270630.6259,271832
71123,8743,30436,zip,GA,Lyons,"Vidalia, GA",Toombs County,135401.8011,136953.9365,137914.8395,138097.1842,138386
71367,8750,31014,zip,GA,Cochran,,Bleckley County,150354.6144,150187.2824,149828.2082,149388.3516,148998
71557,8752,31535,zip,GA,Douglas,"Douglas, GA",Coffee County,196319.8515,196901.4936,196963.7062,196419.7781,196253
71010,8961,30288,zip,GA,Conley,"Atlanta-Sandy Springs-Alpharetta, GA",Dekalb County,219555.4635,219138.0164,219035.244,219330.8772,220394
71146,9064,30467,zip,GA,Sylvania,,Screven County,153972.2682,154759.2393,154565.6596,153861.6997,153187
71324,9073,30814,zip,GA,Harlem,"Augusta-Richmond County, GA-SC",Columbia County,240212.1445,241099.5679,241636.1193,242203.0329,242595
71179,9080,30531,zip,GA,Cornelia,"Cornelia, GA",Habersham County,248676.2528,249621.7595,250265.8757,250973.5143,251878
71595,9097,31620,zip,GA,Adel,,Cook County,147641.9525,148114.007,148138.1311,147884.5717,147842
70995,9220,30268,zip,GA,Palmetto,"Atlanta-Sandy Springs-Alpharetta, GA",Fulton County,327988.9583,328908.8818,329950.908,330944.0552,332211
71231,9250,30607,zip,GA,Athens,"Athens-Clarke County, GA",Clarke County,284108.5648,285562.0156,286925.7912,288071.2557,289384
70836,9270,30054,zip,GA,Oxford,"Atlanta-Sandy Springs-Alpharetta, GA",Newton County,323443.1173,324162.5291,324867.368,325818.2675,327096
71112,9304,30417,zip,GA,Claxton,,Evans County,144386.2532,144929.1695,145245.2642,145553.0264,145545
71490,9380,31302,zip,GA,Bloomingdale,"Savannah, GA",Effingham County,287196.8175,289528.6752,291474.3503,293150.0831,294483
70811,9397,30025,zip,GA,Social Circle,"Atlanta-Sandy Springs-Alpharetta, GA",Walton County,342439.3215,342958.4546,342882.8061,343079.9228,344122
71177,9432,30529,zip,GA,Commerce,"Jefferson, GA",Jackson County,286560.3318,288412.5429,290371.8284,292329.2111,294535
71012,9489,30290,zip,GA,Tyrone,"Atlanta-Sandy Springs-Alpharetta, GA",Fayette County,498282.7356,500265.707,501454.7779,502431.5895,503894
75434,9490,39817,zip,GA,Bainbridge,"Bainbridge, GA",Decatur County,135439.796,136371.275,136877.3099,136797.7433,136609
71611,9499,31639,zip,GA,Nashville,,Berrien County,160247.1387,160457.8059,160361.0355,160324.6376,160676
71310,9526,30755,zip,GA,Tunnel Hill,"Chattanooga, TN-GA",Catoosa County,214326.3602,215710.6538,216763.9352,217231.706,218066
70972,9601,30230,zip,GA,Hogansville,"LaGrange, GA-AL",Troup County,200121.8523,201915.8096,203273.9825,204288.5933,205698
71608,9602,31636,zip,GA,Valdosta,"Valdosta, GA",Lowndes County,235973.4021,236820.9676,237381.6379,237483.4481,237380
71505,9609,31320,zip,GA,Midway,"Hinesville, GA",Liberty County,257717.6142,258899.7742,260148.0075,261739.6012,263080
71675,9661,31788,zip,GA,Moultrie,"Moultrie, GA",Colquitt County,156556.7693,157770.5809,158559.3954,158841.9565,158632
71389,9665,31036,zip,GA,Hawkinsville,,Pulaski County,155992.6685,156499.2154,156848.5442,157586.5165,158183
71678,9708,31791,zip,GA,Sylvester,"Albany, GA",Worth County,135045.5939,136999.9815,138399.7773,139171.5342,139532
71033,9724,30313,zip,GA,Atlanta,"Atlanta-Sandy Springs-Alpharetta, GA",Fulton County,506517.2856,507010.063,508636.9694,511247.4249,514544
71125,9733,30439,zip,GA,Metter,,Candler County,123897.1899,125115.7059,125284.6723,125091.6661,125261
71428,9737,31082,zip,GA,Sandersville,,Washington County,126815.3454,127156.347,127246.7616,127196.3835,127084
70963,9772,30217,zip,GA,Franklin,"Atlanta-Sandy Springs-Alpharetta, GA",Heard County,214894.2587,216487.3073,217349.5317,217539.0425,218014
71119,9820,30427,zip,GA,Glennville,,Tattnall County,171715.083,172144.692,172323.1789,172613.7442,173199
71413,9827,31064,zip,GA,Monticello,"Atlanta-Sandy Springs-Alpharetta, GA",Jasper County,266642.3463,268377.507,269907.7303,270987.1172,271671
71506,9838,31321,zip,GA,Pembroke,"Savannah, GA",Bryan County,224393.6813,227104.8448,228741.0389,229760.5504,230898
71641,9878,31730,zip,GA,Camilla,,Mitchell County,131874.2539,133400.7045,134344.0819,135078.5508,135445
71267,9881,30666,zip,GA,Statham,"Atlanta-Sandy Springs-Alpharetta, GA",Barrow County,370607.5301,371598.8062,371776.8828,371391.9261,371811
71653,9896,31757,zip,GA,Thomasville,"Thomasville, GA",Thomas County,238147.2728,239434.4545,240538.727,241679.1163,242373
71523,9976,31408,zip,GA,Garden City,"Savannah, GA",Chatham County,202027.4594,204798.9214,206702.0032,207494.1383,208012
71564,10001,31546,zip,GA,Jesup,"Jesup, GA",Wayne County,166384.9862,167070.3747,166760.1138,165795.0676,164739
70918,10065,30145,zip,GA,Kingston,"Atlanta-Sandy Springs-Alpharetta, GA",Bartow County,286908.3044,287301.1206,287224.4685,286982.0446,287061
71572,10091,31554,zip,GA,Nicholls,"Douglas, GA",Coffee County,126206.6826,127286.5388,127012.4417,125591.0746,123829
71160,10123,30510,zip,GA,Alto,"Cornelia, GA",Habersham County,248074.4445,249702.543,250833.3295,251509.9812,251982
71680,10128,31793,zip,GA,Tifton,"Tifton, GA",Tift County,237748.9678,238518.3228,239138.0289,239523.2439,239857
71614,10207,31643,zip,GA,Quitman,"Valdosta, GA",Brooks County,132187.928,132656.7427,132307.414,131203.8049,130346
71540,10259,31510,zip,GA,Alma,,Bacon County,135371.2467,136209.4091,135358.278,133488.0445,131201
71513,10273,31329,zip,GA,Clyo,"Savannah, GA",Effingham County,262225.8903,263724.0591,264824.4576,266202.4162,268281
70952,10292,30187,zip,GA,Winston,"Atlanta-Sandy Springs-Alpharetta, GA",Douglas County,343494.8186,344905.1485,346152.1049,346705.1293,347188
71380,10294,31027,zip,GA,East Dublin,"Dublin, GA",Laurens County,113762.5521,112841.3745,112495.6319,112748.7896,113730
71403,10327,31052,zip,GA,Lizella,"Macon-Bibb County, GA",Bibb County,238575.2179,239718.2845,240114.2419,239444.652,238626
71526,10409,31411,zip,GA,Skidaway Island,"Savannah, GA",Chatham County,858790.4531,868447.7759,877013.6897,883710.5493,890195
71209,10413,30566,zip,GA,Oakwood,"Gainesville, GA",Hall County,307078.8816,307942.3184,308770.805,309656.9268,310987
71466,10448,31201,zip,GA,Macon,"Macon-Bibb County, GA",Bibb County,97971.26871,98176.13752,98467.8832,98228.06362,97865
71433,10461,31087,zip,GA,Sparta,"Milledgeville, GA",Hancock County,188834.1733,189024.4424,187757.0979,184993.7043,181650
71692,10462,31808,zip,GA,Fortson,"Columbus, GA-AL",Harris County,353858.2161,354202.3463,354438.359,354777.3782,355262
71247,10490,30633,zip,GA,,"Athens-Clarke County, GA",Madison County,279296.105,280084.8159,280738.5913,281523.8472,282649
75437,10524,39823,zip,GA,Blakely,,Early County,115923.294,115126.1359,114116.0094,113202.5236,112664
71301,10546,30740,zip,GA,Rocky Face,"Dalton, GA",Whitfield County,259681.3099,260551.0433,261462.979,262320.178,263651
71045,10577,30326,zip,GA,Atlanta,"Atlanta-Sandy Springs-Alpharetta, GA",Fulton County,629253.0334,630117.0224,628030.3434,625437.2096,625330
71495,10592,31308,zip,GA,Ellabell,"Savannah, GA",Bryan County,275108.9813,278387.415,280924.6901,282909.4265,285044
71183,10660,30536,zip,GA,Ellijay,,Gilmer County,408717.0168,410420.525,411257.4676,410678.0544,410082
75450,10676,39842,zip,GA,Dawson,"Albany, GA",Terrell County,99701.38053,98861.76806,97412.57816,96463.68314,95938
71276,10706,30683,zip,GA,Winterville,"Athens-Clarke County, GA",Clarke County,292924.6357,294544.9376,295853.1095,296944.4973,298263
71127,10721,30442,zip,GA,Millen,,Jenkins County,122294.9839,123167.4689,123048.9028,122271.9721,121509
71558,10736,31537,zip,GA,Folkston,,Charlton County,177380.7957,178027.5687,178528.5142,179369.574,180308
71263,10748,30662,zip,GA,Royston,,Franklin County,237863.5784,238227.3851,238453.0163,238691.0054,239151
71198,10804,30553,zip,GA,Lavonia,,Franklin County,295228.3527,295555.1348,295664.7433,295746.0872,295439
71607,10829,31635,zip,GA,Lakeland,"Valdosta, GA",Lanier County,178233.5669,178429.8521,178347.7841,178041.4958,178189
71136,10846,30453,zip,GA,Reidsville,,Tattnall County,144429.8956,144761.4536,144458.3801,144208.0231,144043
71308,10874,30752,zip,GA,Trenton,"Chattanooga, TN-GA",Dade County,212620.8318,213454.7228,213691.5302,213632.7935,213627
71636,10877,31719,zip,GA,Americus,"Americus, GA",Sumter County,84093.40568,84318.93557,83962.56211,83833.7089,83910
71178,10959,30530,zip,GA,Commerce,"Jefferson, GA",Jackson County,308540.8987,309823.4491,311124.5723,312309.6595,313738
71174,11017,30525,zip,GA,Clayton,,Rabun County,355899.954,356991.9541,356166.0188,354499.3337,353634
70950,11036,30184,zip,GA,,"Atlanta-Sandy Springs-Alpharetta, GA",Bartow County,368705.5307,370489.5648,372280.2624,373730.4979,375198
71199,11040,30554,zip,GA,Lula,"Gainesville, GA",Hall County,301036.4126,302535.235,303485.6324,304154.5478,304901
71111,11107,30415,zip,GA,Brooklet,"Statesboro, GA",Bulloch County,274351.7982,277127.592,279623.9035,281604.6911,283750
75451,11110,39845,zip,GA,Donalsonville,,Seminole County,118492.6778,120538.7332,121509.0993,122061.5575,122352
71193,11118,30546,zip,GA,Hiawassee,,Towns County,362516.1042,364462.2798,366069.1578,367158.4914,368442
71182,11186,30535,zip,GA,Demorest,"Cornelia, GA",Habersham County,267641.2127,269642.661,271083.5829,271954.0362,272904
71313,11213,30802,zip,GA,Appling,"Augusta-Richmond County, GA-SC",Columbia County,311542.4462,312224.6158,313035.7281,313604.1695,313405
71586,11241,31569,zip,GA,Woodbine,"St. Marys, GA",Camden County,276097.8653,277487.0146,278570.9076,279243.8934,279493
71634,11251,31714,zip,GA,Ashburn,,Turner County,109096.9325,108970.6713,107850.4169,106893.8015,106881
70943,11253,30176,zip,GA,Tallapoosa,"Atlanta-Sandy Springs-Alpharetta, GA",Haralson County,208201.4627,209350.683,210142.341,210969.9301,212332
71668,11265,31779,zip,GA,Pelham,,Mitchell County,120585.5601,122117.5086,122688.9379,123264.4817,123621
71661,11296,31771,zip,GA,,"Moultrie, GA",Colquitt County,116231.4938,117264.2254,117764.3116,117624.9521,116778
71327,11323,30817,zip,GA,Lincolnton,"Augusta-Richmond County, GA-SC",Lincoln County,222779.1267,223651.3483,223611.1811,222435.1862,221707
70885,11331,30108,zip,GA,Bowdon,"Atlanta-Sandy Springs-Alpharetta, GA",Carroll County,228150.9981,229176.4575,229946.4064,230280.8778,230350
71243,11504,30628,zip,GA,Colbert,"Athens-Clarke County, GA",Madison County,298347.2995,299260.123,299764.9354,300556.7524,301911
71282,11570,30710,zip,GA,,"Dalton, GA",Whitfield County,267613.0401,269068.6576,270380.4147,271029.5935,271980
71442,11608,31096,zip,GA,Wrightsville,"Dublin, GA",Johnson County,112404.2253,113406.2978,113792.5272,113617.277,112850
71713,11609,31901,zip,GA,Columbus,"Columbus, GA-AL",Muscogee County,138060.8937,138735.5706,139399.9981,140331.8167,141323
71688,11653,31804,zip,GA,Cataula,"Columbus, GA-AL",Harris County,329008.9843,329252.3698,329618.4576,330173.7633,330597
71272,11771,30673,zip,GA,Washington,,Wilkes County,137105.2419,137727.3721,137438.5847,136975.3846,136811
71384,11777,31031,zip,GA,Gordon,,Wilkinson County,111870.4081,112542.7103,112765.7002,112378.5156,112437
71206,11780,30563,zip,GA,Mount Airy,"Cornelia, GA",Habersham County,270194.568,271655.4229,272591.2027,273174.8502,273832
71256,11847,30646,zip,GA,Hull,"Athens-Clarke County, GA",Madison County,298205.5119,298462.2816,298615.2714,299232.7324,300716
71711,11875,31833,zip,GA,West Point,"LaGrange, GA-AL",Troup County,181047.0259,181996.9011,182568.5085,182962.3074,183344
71405,11899,31055,zip,GA,Mc Rae,,Telfair County,112125.0731,111675.2274,111884.3022,112637.3711,112929
70949,11902,30183,zip,GA,Waleska,"Atlanta-Sandy Springs-Alpharetta, GA",Cherokee County,435503.9221,438235.7568,439643.049,440510.8221,441596
71309,11931,30753,zip,GA,Trion,"Summerville, GA",Chattooga County,131479.295,131732.9087,131988.7357,131744.5597,131505
71297,11941,30735,zip,GA,Industrial,"Calhoun, GA",Gordon County,215785.423,217426.7121,218876.6991,220146.7486,222004
70942,11945,30175,zip,GA,Talking Rock,"Atlanta-Sandy Springs-Alpharetta, GA",Pickens County,326833.3015,330571.6079,332916.7221,334148.3018,334878
71514,12210,31331,zip,GA,Townsend,"Brunswick, GA",McIntosh County,219689.4964,221468.4165,222694.6055,223101.2921,223271
71381,12235,31028,zip,GA,Warner Robins,"Warner Robins, GA",Houston County,209410.0561,210332.4669,211055.6015,211575.4812,212131
71694,12272,31811,zip,GA,Hamilton,"Columbus, GA-AL",Harris County,335942.915,336767.8104,337308.9704,337359.5511,337199
71190,12338,30543,zip,GA,Gillsville,"Gainesville, GA",Hall County,295688.7243,297221.1282,297811.127,298193.0233,299341
70941,12348,30173,zip,GA,Silver Creek,"Rome, GA",Floyd County,226322.7293,227116.1788,228378.5068,229475.0342,230453
71687,12405,31803,zip,GA,Buena Vista,"Columbus, GA-AL",Marion County,120018.5153,120821.959,121220.4983,121593.0543,122626
71303,12488,30742,zip,GA,Fort Oglethorpe,"Chattanooga, TN-GA",Catoosa County,229875.9252,230612.489,231127.5141,232084.2612,233902
71300,12501,30739,zip,GA,Rock Spring,"Chattanooga, TN-GA",Walker County,293130.5836,293739.5758,294386.489,295237.7267,295693
71122,12534,30434,zip,GA,Louisville,,Jefferson County,102079.6531,103161.1348,103354.2522,103214.8342,102621
71014,12586,30292,zip,GA,Williamson,"Atlanta-Sandy Springs-Alpharetta, GA",Pike County,359773.9886,360799.0672,362236.5598,363741.0155,366040
71170,12627,30520,zip,GA,Canon,,Hart County,232959.3055,233491.3786,233386.219,232736.364,232516
70789,12648,30002,zip,GA,Avondale Estates,"Atlanta-Sandy Springs-Alpharetta, GA",Dekalb County,572319.2241,575426.6154,578361.7518,580658.7112,583637
71171,12658,30521,zip,GA,Carnesville,,Franklin County,279158.3347,280189.1113,281218.754,282114.3163,282916
71140,12804,30457,zip,GA,Soperton,"Dublin, GA",Treutlen County,103763.4493,104170.1246,104334.721,104261.815,104357
71237,12806,30621,zip,GA,Bishop,"Athens-Clarke County, GA",Oconee County,541827.1302,544437.9669,546548.8767,547886.6547,550189
75447,12808,39837,zip,GA,Colquitt,,Miller County,128468.8091,129259.2637,129503.6821,129361.9255,129219
71202,12815,30558,zip,GA,,,Banks County,295274.4975,296876.9431,298244.7608,299227.9262,299917
71220,12914,30582,zip,GA,Young Harris,,Towns County,363560.5039,365649.6609,367774.6841,369215.9017,369929
71664,12931,31774,zip,GA,Ocilla,,Irwin County,104176.2336,104296.4736,104143.0755,104095.0892,104458
70837,13066,30055,zip,GA,Mansfield,"Atlanta-Sandy Springs-Alpharetta, GA",Newton County,340031.5133,341379.4754,342532.2604,343401.7658,343952
71438,13272,31092,zip,GA,Vienna,,Dooly County,124297.525,125204.648,125291.7141,124979.3259,124695
71244,13288,30629,zip,GA,Comer,"Athens-Clarke County, GA",Madison County,257018.2912,258731.3262,260187.0594,262313.3172,264568
71017,13299,30295,zip,GA,Zebulon,"Atlanta-Sandy Springs-Alpharetta, GA",Pike County,296578.1163,297890.7714,299280.3071,300966.3243,302899
71701,13306,31822,zip,GA,Pine Mountain,"LaGrange, GA-AL",Troup County,261735.0728,263303.7355,264967.801,266576.0439,268271
71613,13314,31642,zip,GA,Pearson,"Douglas, GA",Atkinson County,107343.4143,107268.1532,106422.48,104901.6744,103513
71207,13342,30564,zip,GA,Murrayville,,Lumpkin County,341587.3798,343086.4414,343823.3763,344266.352,345197
70912,13380,30139,zip,GA,Fairmount,"Calhoun, GA",Gordon County,274377.353,276179.8555,277640.8006,278999.0534,280353
75448,13391,39840,zip,GA,,,Randolph County,79184.18763,80969.19298,81904.04937,81737.80002,81157
70945,13394,30178,zip,GA,Taylorsville,"Atlanta-Sandy Springs-Alpharetta, GA",Bartow County,331234.4107,332995.5748,334473.5729,335971.4123,336834
71571,13401,31553,zip,GA,Nahunta,"Brunswick, GA",Brantley County,119118.6352,118079.3317,116551.4923,115127.9358,114146
71663,13427,31773,zip,GA,Ochlocknee,"Thomasville, GA",Thomas County,212515.5713,213844.0729,214951.2869,215680.4707,215779
70890,13467,30113,zip,GA,Buchanan,"Atlanta-Sandy Springs-Alpharetta, GA",Haralson County,236442.6974,237564.1781,238318.9777,239605.7567,241217
71318,13479,30808,zip,GA,Dearing,"Augusta-Richmond County, GA-SC",McDuffie County,160065.1736,161803.8107,162506.2337,162244.0624,161802
71289,13522,30725,zip,GA,Flintstone,"Chattanooga, TN-GA",Walker County,253640.5218,255588.8333,257033.0136,258369.1164,259546
71064,13560,30346,zip,GA,Dunwoody,"Atlanta-Sandy Springs-Alpharetta, GA",Dekalb County,641567.858,641303.2267,641086.573,640881.7621,641070
71354,13574,31001,zip,GA,Abbeville,,Wilcox County,117542.9939,117888.5293,117426.2105,116694.1915,116233
71561,13617,31543,zip,GA,Hortense,"Brunswick, GA",Brantley County,119550.6834,119562.0992,119399.341,119006.5241,118411
71201,13622,30557,zip,GA,Martin,"Toccoa, GA",Stephens County,274021.2483,275464.1988,276284.8002,276683.7183,276767
71203,13646,30559,zip,GA,Mineral Bluff,,Fannin County,460447.4592,462660.0049,462324.811,459771.0882,455396
71315,13672,30805,zip,GA,Blythe,"Augusta-Richmond County, GA-SC",Richmond County,197342.8795,198619.3784,199353.6643,199421.8911,199923
71204,13693,30560,zip,GA,Morganton,,Fannin County,459972.3315,461141.8258,461520.1367,460348.9953,459027
70966,13708,30220,zip,GA,Grantville,"Atlanta-Sandy Springs-Alpharetta, GA",Coweta County,257673.6786,258725.5047,259623.6563,260506.4437,261252
71054,13714,30336,zip,GA,Atlanta,"Atlanta-Sandy Springs-Alpharetta, GA",Fulton County,289389.4245,289828.0323,291155.725,293021.551,294486
71606,13723,31634,zip,GA,Homerville,,Clinch County,108960.5848,110238.5153,110768.9248,111326.8677,111827
71412,13768,31063,zip,GA,Montezuma,,Macon County,80457.08115,82308.59613,82966.90012,83392.54175,83242
71299,13823,30738,zip,GA,Rising Fawn,"Chattanooga, TN-GA",Dade County,277481.8838,278706.7388,279487.8737,279218.2869,278615
70967,13842,30222,zip,GA,Greenville,"Atlanta-Sandy Springs-Alpharetta, GA",Meriwether County,164622.8784,165782.4272,166646.1964,167038.4241,167636
71690,13872,31806,zip,GA,Ellaville,"Americus, GA",Schley County,160151.8712,161133.3457,161007.1593,160346.95,159775
70920,13895,30147,zip,GA,Rome,"Rome, GA",Floyd County,177737.3321,177920.8043,178259.8391,178772.1441,179893
71148,13914,30471,zip,GA,,,Emanuel County,107886.0545,109222.9224,109875.4897,109989.5276,109653
70951,13992,30185,zip,GA,Whitesburg,"Atlanta-Sandy Springs-Alpharetta, GA",Carroll County,288252.4388,290226.1674,291966.9471,292825.6352,293180
75441,14009,39827,zip,GA,Cairo,,Grady County,203023.3897,203126.6125,202555.942,202258.189,202151
71698,14119,31816,zip,GA,Manchester,"Atlanta-Sandy Springs-Alpharetta, GA",Meriwether County,100514.4252,102932.4533,105093.209,106586.0052,107164
71359,14153,31006,zip,GA,Butler,,Taylor County,127390.2223,128261.0702,128420.1184,128362.5869,128117
70988,14178,30259,zip,GA,Moreland,"Atlanta-Sandy Springs-Alpharetta, GA",Coweta County,423764.3445,426457.5427,428900.5263,430538.9309,432306
71435,14225,31089,zip,GA,Tennille,,Washington County,104048.589,104596.0752,104701.1915,104549.7819,104253
71210,14273,30567,zip,GA,Pendergrass,"Jefferson, GA",Jackson County,336445.1536,337522.5799,337847.2773,338617.1298,339973
70881,14276,30104,zip,GA,Aragon,"Cedartown, GA",Polk County,202308.5831,203205.4317,203714.9231,204519.3474,205915
71583,14334,31566,zip,GA,Waynesville,"Brunswick, GA",Brantley County,117266.5347,116662.1438,115345.4865,113557.2286,111959
71493,14443,31305,zip,GA,Darien,"Brunswick, GA",McIntosh County,221880.9509,223430.6169,224580.2941,224927.3236,225656
71208,14448,30565,zip,GA,Nicholson,"Jefferson, GA",Jackson County,284766.2592,285970.916,286832.8118,288606.505,291113
70956,14549,30205,zip,GA,Brooks,"Atlanta-Sandy Springs-Alpharetta, GA",Fayette County,525140.7405,528188.1802,530406.1067,532732.8953,534911
70858,14585,30079,zip,GA,Scottdale,"Atlanta-Sandy Springs-Alpharetta, GA",Dekalb County,306038.8719,307921.5797,309033.1688,309522.0287,309624
71417,14609,31068,zip,GA,Oglethorpe,,Macon County,73560.63707,75577.48708,76451.88242,77018.43178,77066
71437,14658,31091,zip,GA,Unadilla,,Dooly County,112970.5506,114472.5155,114964.443,115013.6666,115081
70986,14672,30257,zip,GA,Milner,"Atlanta-Sandy Springs-Alpharetta, GA",Lamar County,271964.2874,273576.727,274435.343,275093.0336,275786
71185,14841,30538,zip,GA,Eastanollee,"Toccoa, GA",Stephens County,207407.864,209094.1937,209439.4906,209205.934,209380
70957,14867,30206,zip,GA,Concord,"Atlanta-Sandy Springs-Alpharetta, GA",Pike County,332476.5824,333503.5523,334254.1368,335201.4239,337447
71306,14919,30750,zip,GA,Lookout Mountain,"Chattanooga, TN-GA",Walker County,398280.4167,399336.9176,401647.5912,402977.7729,404019
71398,14973,31046,zip,GA,Juliette,"Macon-Bibb County, GA",Monroe County,284862.2082,285816.2435,286737.4122,286981.2611,287053
71240,15078,30624,zip,GA,Bowman,,Elbert County,169890.4837,171471.0854,172662.8373,173426.1106,174069
70948,15099,30182,zip,GA,Mount Zion,"Atlanta-Sandy Springs-Alpharetta, GA",Carroll County,238685.6829,240766.0027,242066.327,242671.9019,242969
71175,15149,30527,zip,GA,Clermont,"Gainesville, GA",Hall County,370990.1629,373403.7861,374849.8936,376446.7216,378303
71600,15165,31626,zip,GA,Boston,"Thomasville, GA",Thomas County,177349.2205,178358.568,179293.0394,179926.1516,179772
71283,15169,30711,zip,GA,Crandall,"Dalton, GA",Murray County,201075.8654,202173.8304,202743.9273,202053.8685,200959
71512,15235,31328,zip,GA,Tybee Island,"Savannah, GA",Chatham County,787540.9206,792934.7269,796358.3884,797378.2774,798119
71107,15244,30411,zip,GA,Alamo,,Wheeler County,124958.6355,125882.8194,125367.683,124300.7521,123504
71615,15332,31645,zip,GA,Ray City,,Berrien County,182166.7328,182991.3228,183853.6164,185019.4535,186576
71619,15405,31650,zip,GA,Willacoochee,"Douglas, GA",Atkinson County,103445.8076,103263.0614,102029.6642,99718.44972,97303
71335,15416,30828,zip,GA,Warrenton,,Warren County,93552.31499,92893.12454,91202.26986,89401.57103,87683
71114,15437,30421,zip,GA,Collins,,Tattnall County,168800.7157,168636.9514,167632.7507,166488.8334,165435
71216,15460,30576,zip,GA,Tiger,,Rabun County,378286.7963,381806.2258,383215.715,382580.2594,381139
71546,15462,31519,zip,GA,Broxton,"Douglas, GA",Coffee County,152901.1442,153377.7366,152527.5658,150874.0922,149158
71489,15475,31301,zip,GA,Walthourville,"Hinesville, GA",Liberty County,222489.2885,223519.5161,224146.4896,224531.3252,225038
71337,15544,30833,zip,GA,Wrens,,Jefferson County,106606.9929,107692.5383,107942.097,107579.0778,106167
71573,15575,31555,zip,GA,Odum,"Jesup, GA",Wayne County,230275.7157,232894.1469,234478.6614,234779.1702,234741
71647,15611,31744,zip,GA,Doerun,"Albany, GA",Worth County,135106.8619,136594.3494,137241.5296,137093.8777,136356
75465,15629,39897,zip,GA,Whigham,,Grady County,186939.3156,186851.0586,186127.8439,185631.5097,185326
71635,15660,31716,zip,GA,Baconton,,Mitchell County,147653.2331,148935.2844,149315.0363,149414.6255,149517
71258,15706,30648,zip,GA,Lexington,"Athens-Clarke County, GA",Oglethorpe County,268131.7558,269408.3897,269554.9461,269545.699,270276
71594,15737,31606,zip,GA,Valdosta,"Valdosta, GA",Lowndes County,177796.7661,177790.5895,177483.5289,176985.0218,177132
71212,15749,30571,zip,GA,Helen,,White County,340068.5031,341355.0344,342418.3538,343604.9767,344754
71270,15808,30669,zip,GA,,,Greene County,142783.9265,144798.2853,145580.9573,145407.6581,144745
71575,15898,31557,zip,GA,Patterson,"Waycross, GA",Pierce County,152689.1579,153070.1217,153167.4426,153427.2688,153131
71709,15911,31831,zip,GA,Waverly Hall,"Columbus, GA-AL",Harris County,300214.435,301232.5411,302323.2709,303332.1858,304167
71120,15936,30428,zip,GA,Glenwood,,Wheeler County,137985.0267,138554.0293,137891.2721,136742.2359,135602
71194,15958,30547,zip,GA,Homer,,Banks County,329052.3672,330589.7587,331900.1677,332297.8044,331861
71161,15958,30511,zip,GA,Baldwin,,Banks County,249432.6879,250454.7083,251263.4932,251807.7859,252499
71326,16019,30816,zip,GA,Keysville,"Augusta-Richmond County, GA-SC",Burke County,158079.0828,157322.5681,155845.4724,153945.2261,152059
71567,16039,31549,zip,GA,Lumber City,,Telfair County,100362.757,100435.2001,100001.7575,99254.77031,98120
71697,16096,31815,zip,GA,,"Columbus, GA-AL",Stewart County,54695.4835,56207.11353,57610.11675,58590.03049,59134
71128,16141,30445,zip,GA,Mount Vernon,"Vidalia, GA",Montgomery County,143136.3115,143984.4027,143338.8651,141696.3152,139908
71616,16158,31647,zip,GA,Sparks,,Cook County,110792.5705,110794.3697,110340.7866,109779.6712,109349
70985,16240,30256,zip,GA,Meansville,"Atlanta-Sandy Springs-Alpharetta, GA",Pike County,285957.8103,288034.6589,289925.6069,291499.5413,292951
71106,16257,30410,zip,GA,,"Vidalia, GA",Montgomery County,175908.2283,176712.3194,176304.246,175015.3654,173186
71296,16305,30734,zip,GA,Ranger,"Calhoun, GA",Gordon County,269365.6136,271815.3977,273945.0757,275809.9313,277489
71365,16328,31012,zip,GA,Chester,,Dodge County,134142.9579,133532.7156,132182.6611,130851.3694,129674
71423,16350,31076,zip,GA,Reynolds,,Taylor County,121621.7867,122545.1354,122686.5371,122753.4342,122580
70938,16362,30170,zip,GA,,"Atlanta-Sandy Springs-Alpharetta, GA",Carroll County,281505.4295,282970.4732,283739.7225,284049.1237,284273
70939,16414,30171,zip,GA,,"Atlanta-Sandy Springs-Alpharetta, GA",Bartow County,331663.8347,333143.3688,334863.6871,336462.4461,337554
71491,16433,31303,zip,GA,Springfield,"Savannah, GA",Effingham County,241370.4482,243389.3681,244363.024,244953.9382,245909
71015,16437,30293,zip,GA,Woodbury,"Atlanta-Sandy Springs-Alpharetta, GA",Meriwether County,154614.118,155473.3835,155933.1639,156235.3258,156371
71355,16461,31002,zip,GA,Adrian,,Emanuel County,120010.8893,120853.6217,121006.9497,120645.2435,120185
70987,16484,30258,zip,GA,Molena,"Atlanta-Sandy Springs-Alpharetta, GA",Pike County,278131.9791,279295.1075,279914.9919,280413.3617,281530
71609,16544,31637,zip,GA,Tifton,,Berrien County,136302.3419,137016.0386,137263.7823,137085.9808,136838
71215,16637,30575,zip,GA,Gainesville,"Gainesville, GA",Hall County,341158.8472,342947.0033,344030.0845,345576.2811,347490
71644,16697,31738,zip,GA,Coolidge,"Thomasville, GA",Thomas County,173668.2748,174408.6961,175088.7717,175590.4206,175373
71264,16739,30663,zip,GA,Rutledge,"Atlanta-Sandy Springs-Alpharetta, GA",Morgan County,390336.0796,391763.0626,392656.6488,393040.5543,393605
71579,16763,31562,zip,GA,Saint George,,Charlton County,154371.4552,154653.7465,154633.5554,154675.566,154700
71152,16810,30477,zip,GA,Wadley,,Jefferson County,63317.17667,63976.54733,64049.49147,63946.76908,63007
71649,16868,31749,zip,GA,Enigma,,Berrien County,130132.7398,129457.1787,128488.1137,127518.8414,126787
71373,16920,31020,zip,GA,,"Macon-Bibb County, GA",Twiggs County,91543.17019,91257.03504,90549.06861,89349.92381,87999
71245,16920,30630,zip,GA,Crawford,"Athens-Clarke County, GA",Oglethorpe County,252240.708,253535.211,254164.6355,254955.3834,256177
71689,16929,31805,zip,GA,Cusseta,"Columbus, GA-AL",Chattahoochee County,106552.1884,106773.086,106902.4598,107289.3671,107655
71658,16937,31765,zip,GA,Meigs,"Thomasville, GA",Thomas County,146114.0392,146768.2351,146530.59,145517.465,144140
75432,16966,39813,zip,GA,Arlington,,Calhoun County,82860.62776,82330.49826,81411.38188,80620.92291,80108
71426,17018,31079,zip,GA,Rochelle,,Wilcox County,118366.3665,119564.2526,119627.9282,119079.222,118538
71386,17042,31033,zip,GA,Haddock,"Macon-Bibb County, GA",Jones County,181860.5114,181562.0419,181590.6055,181049.1491,180772
71372,17060,31019,zip,GA,Dexter,"Dublin, GA",Laurens County,193699.7201,193556.0798,193739.267,193665.797,193775
71541,17141,31512,zip,GA,Ambrose,"Douglas, GA",Coffee County,187883.8696,187991.9979,187245.7036,185357.6739,183651
71414,17160,31065,zip,GA,,"Dublin, GA",Laurens County,153555.5533,153096.3949,152999.5573,153254.9639,153700
71293,17252,30731,zip,GA,Menlo,"Chattanooga, TN-GA",Walker County,229722.1975,231549.356,232648.7098,232786.2869,232811
71560,17263,31542,zip,GA,Hoboken,"Brunswick, GA",Brantley County,171744.2269,172019.9987,171768.7188,170930.7523,169555
71371,17267,31018,zip,GA,Davisboro,,Washington County,102788.907,102472.1889,101417.0879,100322.7903,99171
71369,17267,31016,zip,GA,Culloden,"Macon-Bibb County, GA",Monroe County,202166.2826,202899.2882,203066.3431,201922.6063,200726
71396,17280,31044,zip,GA,Jeffersonville,"Macon-Bibb County, GA",Twiggs County,84961.58581,84354.16964,83415.31499,82218.16394,80946
70901,17290,30124,zip,GA,Cave Spring,"Rome, GA",Floyd County,222774.6951,223598.9328,224476.938,224953.4901,225265
71149,17357,30473,zip,GA,Uvalda,"Vidalia, GA",Montgomery County,103946.1882,104268.4634,103745.0117,102860.9015,101970
71242,17431,30627,zip,GA,Carlton,"Athens-Clarke County, GA",Oglethorpe County,223908.4979,224111.0435,222734.718,221964.6471,222343
71166,17431,30516,zip,GA,Bowersville,,Hart County,231997.249,232754.6959,233040.1206,232532.2312,232074
71390,17439,31037,zip,GA,Helena,,Telfair County,99397.05542,98204.6576,96950.9955,96361.52467,96048
71241,17450,30625,zip,GA,Buckhead,"Atlanta-Sandy Springs-Alpharetta, GA",Morgan County,491238.3852,493795.8656,496591.8483,498324.396,498814
75445,17466,39834,zip,GA,Climax,"Bainbridge, GA",Decatur County,175339.3953,176405.2906,176936.4399,176410.25,175514
71667,17504,31778,zip,GA,Pavo,"Valdosta, GA",Brooks County,162303.8825,163102.6164,163453.4278,163339.6959,162611
71425,17607,31078,zip,GA,Roberta,"Macon-Bibb County, GA",Crawford County,113534.7875,113620.0293,112971.7602,112451.0526,112287
71422,17622,31075,zip,GA,Rentz,"Dublin, GA",Laurens County,168366.1519,168369.3616,168623.1044,168861.3351,169224
71706,17628,31827,zip,GA,Talbotton,"Columbus, GA-AL",Talbot County,105773.2405,106543.5478,107157.9854,107196.5386,107520
71135,17648,30452,zip,GA,,"Statesboro, GA",Bulloch County,221427.0884,225372.041,227924.373,228834.9935,228765
71370,17667,31017,zip,GA,,"Macon-Bibb County, GA",Twiggs County,140225.684,140108.1589,139800.1077,139174.1491,138305
70838,17703,30056,zip,GA,Newborn,"Atlanta-Sandy Springs-Alpharetta, GA",Jasper County,309094.4622,310681.8009,311868.7935,312758.3737,314005
71577,17764,31560,zip,GA,Screven,"Jesup, GA",Wayne County,174738.9543,176139.95,177133.7253,177050.5886,176323
71686,17843,31801,zip,GA,Box Springs,"Columbus, GA-AL",Talbot County,173102.9072,174784.3018,175929.3042,176312.4486,176500
71211,17907,30568,zip,GA,,,Rabun County,345819.9756,346375.1951,345748.7893,344746.8669,343831
71582,17925,31565,zip,GA,Waverly,"St. Marys, GA",Camden County,327493.3583,329774.4931,331818.9947,333717.6953,334818
71248,17944,30634,zip,GA,Dewy Rose,,Elbert County,173956.5435,175176.9685,175511.2547,175242.3356,174820
75453,17952,39851,zip,GA,Fort Gaines,,Clay County,128637.8395,129681.6992,129852.3444,129262.8919,127515
71295,17976,30733,zip,GA,Plainville,"Calhoun, GA",Gordon County,192779.7793,194181.4556,195454.4266,196738.7965,198519
71708,17977,31830,zip,GA,Warm Springs,"Atlanta-Sandy Springs-Alpharetta, GA",Meriwether County,177246.7993,178457.8367,179535.162,180323.4452,180983
71705,18011,31826,zip,GA,Shiloh,"Columbus, GA-AL",Harris County,165354.6797,166513.4005,167044.0486,166859.7365,166974
71665,18112,31775,zip,GA,Omega,"Moultrie, GA",Colquitt County,116433.4355,116982.2581,117012.9023,116561.8494,116045
71269,18125,30668,zip,GA,Tignall,,Wilkes County,138293.7791,138887.8328,138646.4423,138176.6043,137854
70882,18128,30105,zip,GA,Armuchee,"Rome, GA",Floyd County,247580.4452,248579.8599,249955.2312,251499.3844,252820
71670,18336,31781,zip,GA,Poulan,"Albany, GA",Worth County,111856.3317,112540.8758,112983.3422,113037.8687,113283
71400,18338,31049,zip,GA,Kite,"Dublin, GA",Johnson County,126217.1711,127519.7944,127794.3128,127185.3322,126162
71197,18428,30552,zip,GA,Lakemont,,Rabun County,513506.3343,513617.8317,511071.7358,506103.5506,501829
71704,18440,31825,zip,GA,,"Columbus, GA-AL",Stewart County,71295.53293,72077.63087,72734.83478,73371.7171,74208
71682,18462,31795,zip,GA,Ty Ty,"Albany, GA",Worth County,153095.2823,152959.0827,152500.7323,151819.2101,151264
71252,18484,30641,zip,GA,Good Hope,"Atlanta-Sandy Springs-Alpharetta, GA",Walton County,414785.2549,417114.8163,418360.6713,418875.0936,419592
71304,18489,30746,zip,GA,Sugar Valley,"Calhoun, GA",Gordon County,257517.2986,259004.7109,259850.9169,260623.5686,262265
71508,18688,31323,zip,GA,Riceboro,"Hinesville, GA",Liberty County,138007.2588,138784.4594,137526.7052,135641.581,134467
71292,18704,30730,zip,GA,Lyerly,"Summerville, GA",Chattooga County,175970.0796,176191.1459,176081.3309,175249.4482,174055
71415,18733,31066,zip,GA,Musella,"Macon-Bibb County, GA",Crawford County,194503.8172,194634.9159,193881.3199,193073.9295,192540
71113,18740,30420,zip,GA,Cobbtown,,Tattnall County,149685.4411,150099.234,149949.5341,150071.8203,150432
75452,18757,39846,zip,GA,Edison,,Calhoun County,91531.24166,91405.36538,90812.18992,90100.79421,89060
71676,18815,31789,zip,GA,Sumner,"Albany, GA",Worth County,159362.4193,160405.393,160852.5107,160672.7125,160298
75456,18815,39859,zip,GA,Iron City,,Seminole County,144103.9834,145925.2632,146697.7427,147169.4783,147511
71496,18818,31309,zip,GA,Fleming,"Hinesville, GA",Liberty County,195713.0299,196140.3854,195140.8967,193860.776,193062
71133,18849,30450,zip,GA,Portal,"Statesboro, GA",Bulloch County,168918.258,170014.9826,170381.7942,170619.1388,171114
70982,18865,30251,zip,GA,Luthersville,"Atlanta-Sandy Springs-Alpharetta, GA",Meriwether County,248871.9386,249973.4783,250274.35,250154.944,250437
71375,18883,31022,zip,GA,Dudley,"Dublin, GA",Laurens County,203415.514,203303.2555,203972.0632,204790.2616,205530
71139,18917,30456,zip,GA,Sardis,"Augusta-Richmond County, GA-SC",Burke County,85945.04327,85293.50178,84096.03134,83283.45284,82430
71669,18918,31780,zip,GA,Plains,"Americus, GA",Sumter County,102058.6787,103164.879,102881.1405,102107.8749,101709
71707,18946,31829,zip,GA,Upatoi,"Columbus, GA-AL",Muscogee County,358874.6729,360608.4452,361581.182,361627.6786,361942
71443,18958,31097,zip,GA,Yatesville,"Thomaston, GA",Upson County,190084.9202,192398.005,193494.5069,193272.7837,193204
75461,18987,39870,zip,GA,Newton,,Baker County,98400.1415,99057.26179,98939.71461,98464.91302,97538
71126,19112,30441,zip,GA,,"Augusta-Richmond County, GA-SC",Burke County,115008.8435,115712.7886,115908.3484,115611.7122,114845
71109,19131,30413,zip,GA,Davisboro,,Washington County,127714.6525,128428.6717,128339.5311,127595.3758,125908
71172,19220,30522,zip,GA,Cherrylog,,Gilmer County,471513.9654,472276.1907,472297.6245,470984.5462,469231
71312,19225,30757,zip,GA,Wildwood,"Chattanooga, TN-GA",Dade County,204435.8092,205984.2068,206758.0886,207164.8995,207323
71612,19261,31641,zip,GA,Naylor,"Valdosta, GA",Lowndes County,203659.022,204229.1144,204586.7482,204732.514,204652
71632,19307,31711,zip,GA,Andersonville,"Americus, GA",Sumter County,109059.7194,110687.7014,111063.3333,110986.0806,110848
71079,19350,30363,zip,GA,Atlanta,"Atlanta-Sandy Springs-Alpharetta, GA",Fulton County,450740.4863,454034.37,456117.7026,458600.1511,459044
75455,19365,39854,zip,GA,Georgetown,"Eufaula, AL-GA",Quitman County,125251.1661,127101.9542,127809.435,127360.7274,126897
71683,19385,31796,zip,GA,Warwick,"Albany, GA",Worth County,237967.883,239794.9895,241568.2418,242768.0087,242977
71320,19398,30810,zip,GA,,,Glascock County,150349.814,150306.9808,150131.8701,149803.9163,149492
71596,19577,31622,zip,GA,Alapaha,,Berrien County,156767.4166,156941.9418,157015.4629,157062.3907,157268
71598,19732,31624,zip,GA,Axson,"Douglas, GA",Atkinson County,118492.9144,118231.4427,117709.7078,116572.2117,115430
71604,19756,31631,zip,GA,Fargo,"Valdosta, GA",Echols County,67653.20674,68475.64063,68646.52063,68834.89785,68731
71599,19868,31625,zip,GA,Quitman,"Valdosta, GA",Brooks County,214596.9313,216510.3219,218007.7403,218088.0372,217572
71200,19985,30555,zip,GA,McCaysville,,Fannin County,261225.5993,262701.4904,263063.7234,262906.1907,262369
71188,20063,30541,zip,GA,Epworth,,Fannin County,358148.8448,362552.2967,364422.0811,364145.5753,362469
71691,20063,31807,zip,GA,Ellerslie,"Columbus, GA-AL",Harris County,332428.4222,332427.9737,332541.9198,333278.0776,334303
70964,20142,30218,zip,GA,Gay,"Atlanta-Sandy Springs-Alpharetta, GA",Meriwether County,223601.6225,224824.4328,225398.2712,225099.713,225148
71246,20165,30631,zip,GA,,,Taliaferro County,131785.7708,131997.5317,131355.5903,130143.26,128599
71117,20165,30425,zip,GA,Garfield,,Emanuel County,163175.9806,164820.5653,165552.1893,165187.8166,164405
71642,20234,31733,zip,GA,Chula,"Tifton, GA",Tift County,233531.555,234706.084,235405.2141,235080.0022,234498
71419,20239,31070,zip,GA,Pinehurst,,Dooly County,154941.3281,156684.5037,157389.8618,157534.1868,157598
70910,20251,30137,zip,GA,Emerson,"Atlanta-Sandy Springs-Alpharetta, GA",Bartow County,262974.5186,264357.7653,265141.0765,265808.3586,266723
71672,20383,31783,zip,GA,Rebecca,,Irwin County,140200.0067,141375.4329,142058.0841,142781.1332,143021
70974,20432,30234,zip,GA,Locust Grove,"Atlanta-Sandy Springs-Alpharetta, GA",Butts County,252340.6829,253231.7055,253563.6492,253276.5869,253457
71274,20461,30678,zip,GA,Greensboro,,Greene County,504405.3217,504910.8258,504187.3371,501996.8495,498776
71578,20469,31561,zip,GA,,"Brunswick, GA",Glynn County,4552519.582,4588454.737,4648933.997,4760120.573,4846386
71406,20474,31057,zip,GA,Marshallville,,Macon County,98751.13987,100622.1959,101115.972,100941.4803,100104
71409,20483,31060,zip,GA,Milan,,Dodge County,126795.0043,126843.9094,126386.7485,125927.6005,125531
71657,20689,31764,zip,GA,Americus,"Americus, GA",Sumter County,113587.9501,114838.5206,115016.3613,114717.5454,114641
71331,20746,30821,zip,GA,Norwood,,Warren County,83597.16481,83298.88269,82482.6342,81682.19549,80618
71192,20751,30545,zip,GA,Helen,,White County,348894.5732,349610.9,350382.2959,351516.533,351719
71129,20800,30446,zip,GA,,,Screven County,163835.4762,164397.3604,163772.1018,162477.3184,161277
71436,20825,31090,zip,GA,Toomsboro,,Wilkinson County,102029.4672,101146.29,99539.07149,97711.81075,97373
70944,20843,30177,zip,GA,Tate,"Atlanta-Sandy Springs-Alpharetta, GA",Pickens County,253460.8315,255532.985,257121.7633,258028.8106,258257
71262,20909,30660,zip,GA,Rayle,,Wilkes County,151806.8846,152546.4764,152110.4767,151697.8927,150489
71652,21044,31756,zip,GA,Hartsfield,"Moultrie, GA",Colquitt County,158286.5614,160098.7545,161360.436,161628.0669,160977
71570,21044,31552,zip,GA,Millwood,"Waycross, GA",Ware County,183943.1466,187014.0479,188822.8779,189028.0456,187210
71431,21105,31085,zip,GA,Shady Dale,"Atlanta-Sandy Springs-Alpharetta, GA",Jasper County,252531.9547,254020.0355,254984.9386,255704.5687,256849
71712,21111,31836,zip,GA,Shiloh,"Columbus, GA-AL",Talbot County,150994.3643,152410.5272,153716.0021,153829.1455,154171
71362,21131,31009,zip,GA,Cadwell,"Dublin, GA",Laurens County,143347.23,142473.9089,142059.4107,141820.4304,142208
75439,21137,39825,zip,GA,Brinson,"Bainbridge, GA",Decatur County,155436.6749,156299.2641,156531.6419,155899.8521,154917
75433,21205,39815,zip,GA,Attapulgus,"Bainbridge, GA",Decatur County,93905.71108,94774.85803,94978.91123,94266.95866,93092
71580,21273,31563,zip,GA,Surrency,,Appling County,143313.5617,144959.8574,146106.4176,146777.5607,146751
71213,21495,30572,zip,GA,Suches,,Fannin County,346246.2393,347159.9589,346967.3202,345405.438,343627
71703,21502,31824,zip,GA,,,Webster County,103085.5594,103875.4835,104194.6508,104421.3234,104174
71440,21531,31094,zip,GA,Warthen,,Washington County,118444.8206,117946.0559,117141.217,116346.6498,114960
71395,21571,31042,zip,GA,Irwinton,,Wilkinson County,120730.5241,121270.7021,121208.0723,121008.3411,121106
71569,21587,31551,zip,GA,Mershon,,Bacon County,184185.2256,185301.8861,185271.2642,184288.7678,182777
71314,21594,30803,zip,GA,Avera,,Jefferson County,121385.9255,122172.1199,121891.3678,121273.6571,120145
75460,21677,39867,zip,GA,Morris,,Clay County,143244.4219,144774.2322,145376.964,144734.2202,143498
71674,21691,31787,zip,GA,Smithville,"Albany, GA",Lee County,137120.0664,136969.4558,135842.8539,134094.8597,132771
71404,21706,31054,zip,GA,Mc Intyre,,Wilkinson County,109602.9352,109858.2213,109566.7613,108991.3726,108940
71378,21709,31025,zip,GA,Elko,"Warner Robins, GA",Houston County,285334.8211,286234.4304,286710.9686,286835.8661,287487
71677,21722,31790,zip,GA,Sycamore,,Turner County,137253.3408,137953.4642,138082.5548,138515.8782,139289
71118,21729,30426,zip,GA,Girard,"Augusta-Richmond County, GA-SC",Burke County,121457.4622,120652.6784,119521.4318,118333.0057,117319
71391,21789,31038,zip,GA,Hillsboro,"Macon-Bibb County, GA",Jones County,202128.4823,202638.9792,202964.4307,202562.9184,202599
71684,21816,31798,zip,GA,,,Irwin County,153567.5069,154292.0989,154276.4006,153399.0151,152291
71584,21988,31567,zip,GA,West Green,"Douglas, GA",Coffee County,142615.1629,143592.2456,143303.0758,141734.0542,140029
71407,22055,31058,zip,GA,Mauk,,Taylor County,127771.1552,128750.8498,129027.9411,129144.8226,128779
70921,22065,30148,zip,GA,Marble Hill,"Atlanta-Sandy Springs-Alpharetta, GA",Pickens County,349570.3759,352917.2927,355232.96,356530.9245,356739
71633,22242,31712,zip,GA,Arabi,"Cordele, GA",Crisp County,113157.117,113258.3842,112832.2898,112333.7098,111675
71421,22290,31072,zip,GA,Pitts,,Wilcox County,126202.9083,127395.4777,127587.3103,126487.0111,125242
75459,22302,39866,zip,GA,Morgan,,Calhoun County,104815.6343,105355.3422,105688.8724,105459.9405,104399
71330,22347,30820,zip,GA,,,Glascock County,141441.3267,141621.4452,140805.9445,139576.4205,138124
71235,22390,30619,zip,GA,Arnoldsville,"Athens-Clarke County, GA",Oglethorpe County,326328.8006,327678.5726,328225.3177,328585.3734,329462
71602,22452,31629,zip,GA,Boston,"Valdosta, GA",Brooks County,181576.7957,182816.0062,182656.9628,181652.16,180565
71147,22490,30470,zip,GA,Tarrytown,"Dublin, GA",Treutlen County,207392.9216,209237.728,209869.4279,208782.7977,206538
71401,22547,31050,zip,GA,Knoxville,"Macon-Bibb County, GA",Crawford County,207289.6861,207921.7749,207732.816,206858.3648,206065
71333,22575,30823,zip,GA,Stapleton,,Jefferson County,116176.9743,116914.7288,116595.2023,115897.4077,114531
71610,22636,31638,zip,GA,Quitman,"Valdosta, GA",Brooks County,121630.3334,122465.7757,122941.2173,122548.9058,121758
71618,22675,31649,zip,GA,Stockton,"Valdosta, GA",Lanier County,140425.3025,140521.1431,140242.0011,139430.7313,138951
71388,22689,31035,zip,GA,,,Washington County,103280.3387,103203.1494,102574.6131,101904.615,101295
71603,22703,31630,zip,GA,Du Pont,,Clinch County,95172.67732,96487.6848,96242.68868,95382.06884,94218
70852,22710,30072,zip,GA,Pine Lake,"Atlanta-Sandy Springs-Alpharetta, GA",Dekalb County,296275.7938,296834.39,298387.7421,300066.7721,301821
70962,22740,30216,zip,GA,Flovilla,"Atlanta-Sandy Springs-Alpharetta, GA",Butts County,205538.1329,205917.8711,204899.1305,203573.8047,202833
75457,22953,39861,zip,GA,Jakin,,Early County,127957.0373,128382.1249,128065.2845,127157.4109,126205
71585,23197,31568,zip,GA,White Oak,"St. Marys, GA",Camden County,222744.1752,224346.5122,225044.5394,225057.2288,224927
71562,23339,31544,zip,GA,,,Telfair County,127891.0736,126600.4734,125377.2558,124162.2675,122754
75458,23373,39862,zip,GA,Albany,,Calhoun County,103706.176,104236.1931,104296.8485,104524.9698,104034
71360,23435,31007,zip,GA,,,Dooly County,107040.9812,107194.6477,106647.362,106052.2254,105571
71695,23525,31812,zip,GA,Junction City,"Columbus, GA-AL",Talbot County,113550.9714,115171.7803,116244.3375,116690.5694,116400
71424,23673,31077,zip,GA,Rhine,,Dodge County,145183.6443,144855.2914,143451.3693,142074.5845,140872
71184,23742,30537,zip,GA,,,Rabun County,384694.5778,386079.1355,386299.112,386877.9943,386901
71364,23742,31011,zip,GA,Chauncey,,Dodge County,156146.0462,156082.8114,155118.1907,154114.1223,152841
75464,23784,39886,zip,GA,Shellman,,Randolph County,116022.8923,119271.9072,121306.3875,122061.2468,122124
71673,24051,31784,zip,GA,Sale City,,Mitchell County,147160.2532,149349.4507,149919.252,149642.4086,149055
71545,24123,31518,zip,GA,Bristol,"Waycross, GA",Pierce County,185460.3832,186553.4166,187016.7057,186936.8485,185809
71553,24310,31527,zip,GA,,"Brunswick, GA",Glynn County,729928.8697,734989.5848,739567.0163,745458.0591,750750
71007,24425,30285,zip,GA,The Rock,"Thomaston, GA",Upson County,251047.3142,252780.5858,253718.314,253946.1491,254237
71137,24425,30454,zip,GA,Rockledge,"Dublin, GA",Laurens County,160148.2104,159489.2676,159301.0017,158958.089,158858
75449,24446,39841,zip,GA,Damascus,,Early County,88495.76159,88303.65914,87754.8564,87366.02697,86977
71138,24492,30455,zip,GA,Rocky Ford,,Screven County,136492.3463,137756.2179,138222.3763,138105.7975,137677
71420,24522,31071,zip,GA,Pineview,,Pulaski County,104578.7202,105441.9236,105367.289,105422.3838,105172
71328,24539,30818,zip,GA,Matthews,,Jefferson County,126895.2411,128234.404,128680.655,128660.3684,127252
71268,24651,30667,zip,GA,,"Athens-Clarke County, GA",Oglethorpe County,252050.863,253616.954,253296.276,252024.7468,250717
71554,25583,31532,zip,GA,Denton,,Jeff Davis County,137773.5857,139075.2359,139489.5634,139722.8423,138932
71394,25632,31041,zip,GA,Oglethorpe,,Macon County,65600.20746,66929.98163,66995.58155,66829.11418,66419
71646,25662,31743,zip,GA,De Soto,"Albany, GA",Lee County,68343.05718,68863.73717,68458.78737,68000.07011,67857
71702,25979,31823,zip,GA,Pine Mountain Valley,"Columbus, GA-AL",Harris County,207260.6031,208869.4925,209044.1724,208766.9093,208751
75446,26043,39836,zip,GA,Coleman,,Randolph County,149010.0699,152514.9912,154361.2226,154473.9803,154117
75462,26839,39877,zip,GA,Parrott,"Albany, GA",Terrell County,111539.3493,111231.7351,110743.1495,110574.1781,110163
71568,26923,31550,zip,GA,Manor,"Waycross, GA",Ware County,142237.3322,144436.2619,145611.4969,145797.6317,144773
71281,26976,30708,zip,GA,Crandall,"Dalton, GA",Murray County,141208.7179,141748.7116,141761.7126,141018.3158,140150
75440,27157,39826,zip,GA,Bronwood,"Albany, GA",Terrell County,95003.8496,94615.69577,93492.52554,92748.71477,92265
75438,27390,39824,zip,GA,Bluffton,,Clay County,145116.8272,145083.1286,144537.1951,143544.4938,141956
71643,28083,31735,zip,GA,Cobb,"Americus, GA",Sumter County,302627.8511,305301.8161,306996.3164,307787.2008,308515
71427,29313,31081,zip,GA,Ideal,,Taylor County,158132.7337,160648.2912,161449.7296,161589.1746,160829
71503,30146,31318,zip,GA,Meldrim,"Savannah, GA",Effingham County,185009.6463,187022.9471,188893.9641,190673.5755,191850
71639,30490,31722,zip,GA,Berlin,"Moultrie, GA",Colquitt County,61889.33909,62140.44681,61892.00644,61614.06546,60725
71494,30490,31307,zip,GA,Eden,"Savannah, GA",Effingham County,224779.3824,225654.2831,226085.8199,226201.9636,226332
71617,39992,31648,zip,GA,,"Valdosta, GA",Echols County,75759.25976,76186.95035,75674.87266,74133.96902,72607
