#RPT_NAME,LONG_SCHOOL_YEAR,DETAIL_LVL_DESC,SCHOOL_DISTRCT_CD,SCHOOL_DSTRCT_NM,INSTN_NUMBER,INSTN_NAME,NUMBER_OF_GRADUATES,HOPE_ELIGIBLE,HOPE_ELIGIBLE_PCT
"HOPE Eligible","2022-23","SCHOOL","601","Appling County","0103","Appling County High School","238","115","48.32"
"HOPE Eligible","2022-23","DISTRICT","601","Appling County","ALL","All Schools","238","115","48.32"
"HOPE Eligible","2022-23","SCHOOL","602","Atkinson County","0103","Atkinson County High School","94","49","52.13"
"HOPE Eligible","2022-23","DISTRICT","602","Atkinson County","ALL","All Schools","94","49","52.13"
"HOPE Eligible","2022-23","SCHOOL","603","Bacon County","0302","Bacon County High School","140","75","53.57"
"HOPE Eligible","2022-23","DISTRICT","603","Bacon County","ALL","All Schools","140","75","53.57"
"HOPE Eligible","2022-23","SCHOOL","604","Baker County","0105","Baker County K12 School","16","TFS","TFS"
"HOPE Eligible","2022-23","SCHOOL","604","Baker County","0183","Baker County Learning Academy","TFS","TFS","TFS"
"HOPE Eligible","2022-23","DISTRICT","604","Baker County","ALL","All Schools","17","TFS","TFS"
"HOPE Eligible","2022-23","SCHOOL","605","Baldwin County","0189","Baldwin High School","260","79","30.38"
"HOPE Eligible","2022-23","DISTRICT","605","Baldwin County","ALL","All Schools","260","79","30.38"
"HOPE Eligible","2022-23","SCHOOL","606","Banks County","0199","Banks County High School","184","91","49.46"
"HOPE Eligible","2022-23","DISTRICT","606","Banks County","ALL","All Schools","184","91","49.46"
"HOPE Eligible","2022-23","SCHOOL","607","Barrow County","0101","Apalachee High School","465","252","54.19"
"HOPE Eligible","2022-23","SCHOOL","607","Barrow County","0300","Barrow Arts and Sciences Academy","93","55","59.14"
"HOPE Eligible","2022-23","SCHOOL","607","Barrow County","3052","Winder-Barrow High School","414","183","44.2"
"HOPE Eligible","2022-23","DISTRICT","607","Barrow County","ALL","All Schools","972","490","50.41"
"HOPE Eligible","2022-23","SCHOOL","608","Bartow County","0105","Adairsville High School","220","118","53.64"
"HOPE Eligible","2022-23","SCHOOL","608","Bartow County","0114","Cass High School","321","168","52.34"
"HOPE Eligible","2022-23","SCHOOL","608","Bartow County","0198","Woodland High School","320","149","46.56"
"HOPE Eligible","2022-23","DISTRICT","608","Bartow County","ALL","All Schools","861","435","50.52"
"HOPE Eligible","2022-23","SCHOOL","609","Ben Hill County","0291","Fitzgerald High School School College and Career Academy","167","93","55.69"
"HOPE Eligible","2022-23","SCHOOL","609","Ben Hill County","0392","Hurricane Transition Academy","23","TFS","TFS"
"HOPE Eligible","2022-23","DISTRICT","609","Ben Hill County","ALL","All Schools","190","93","48.95"
"HOPE Eligible","2022-23","SCHOOL","610","Berrien County","0101","Berrien High School","191","81","42.41"
"HOPE Eligible","2022-23","SCHOOL","610","Berrien County","0106","Berrien Academy Performance Learning Center","17","TFS","TFS"
"HOPE Eligible","2022-23","DISTRICT","610","Berrien County","ALL","All Schools","208","86","41.35"
"HOPE Eligible","2022-23","SCHOOL","611","Bibb County","0105","Howard High School","186","61","32.8"
"HOPE Eligible","2022-23","SCHOOL","611","Bibb County","0186","Central High School","182","79","43.41"
"HOPE Eligible","2022-23","SCHOOL","611","Bibb County","0198","Westside High School","189","84","44.44"
"HOPE Eligible","2022-23","SCHOOL","611","Bibb County","0204","Rutland High School","168","65","38.69"
"HOPE Eligible","2022-23","SCHOOL","611","Bibb County","0286","Northeast High School","144","33","22.92"
"HOPE Eligible","2022-23","SCHOOL","611","Bibb County","0386","Southwest High School","142","30","21.13"
"HOPE Eligible","2022-23","SCHOOL","611","Bibb County","1311","VIP Academy (Virtual)","103","23","22.33"
"HOPE Eligible","2022-23","DISTRICT","611","Bibb County","ALL","All Schools","1114","375","33.66"
"HOPE Eligible","2022-23","SCHOOL","612","Bleckley County","0105","Bleckley County High School","148","77","52.03"
"HOPE Eligible","2022-23","SCHOOL","612","Bleckley County","0115","Bleckley County Success Academy","TFS","TFS","TFS"
"HOPE Eligible","2022-23","DISTRICT","612","Bleckley County","ALL","All Schools","157","77","49.04"
"HOPE Eligible","2022-23","SCHOOL","613","Brantley County","1050","Brantley County High School","200","94","47"
"HOPE Eligible","2022-23","DISTRICT","613","Brantley County","ALL","All Schools","200","94","47"
"HOPE Eligible","2022-23","SCHOOL","614","Brooks County","0110","Brooks County High School","104","41","39.42"
"HOPE Eligible","2022-23","SCHOOL","614","Brooks County","0394","Delta Innovative School","28","TFS","TFS"
"HOPE Eligible","2022-23","DISTRICT","614","Brooks County","ALL","All Schools","132","41","31.06"
"HOPE Eligible","2022-23","SCHOOL","615","Bryan County","0182","Richmond Hill High School","562","328","58.36"
"HOPE Eligible","2022-23","SCHOOL","615","Bryan County","0502","Bryan County High School","144","58","40.28"
"HOPE Eligible","2022-23","DISTRICT","615","Bryan County","ALL","All Schools","706","386","54.67"
"HOPE Eligible","2022-23","SCHOOL","616","Bulloch County","0203","Southeast Bulloch High School","266","131","49.25"
"HOPE Eligible","2022-23","SCHOOL","616","Bulloch County","2054","Statesboro High School","361","152","42.11"
"HOPE Eligible","2022-23","SCHOOL","616","Bulloch County","4052","Portal Middle/High School","66","34","51.52"
"HOPE Eligible","2022-23","DISTRICT","616","Bulloch County","ALL","All Schools","693","317","45.74"
"HOPE Eligible","2022-23","SCHOOL","617","Burke County","0288","Burke County High School","266","90","33.83"
"HOPE Eligible","2022-23","DISTRICT","617","Burke County","ALL","All Schools","266","90","33.83"
"HOPE Eligible","2022-23","SCHOOL","618","Butts County","0190","Jackson High School","223","104","46.64"
"HOPE Eligible","2022-23","DISTRICT","618","Butts County","ALL","All Schools","223","104","46.64"
"HOPE Eligible","2022-23","SCHOOL","619","Calhoun County","0113","Calhoun County High School","41","12","29.27"
"HOPE Eligible","2022-23","DISTRICT","619","Calhoun County","ALL","All Schools","41","12","29.27"
"HOPE Eligible","2022-23","SCHOOL","620","Camden County","0295","Camden County High School","554","307","55.42"
"HOPE Eligible","2022-23","DISTRICT","620","Camden County","ALL","All Schools","554","307","55.42"
"HOPE Eligible","2022-23","SCHOOL","621","Candler County","0101","Metter High School","93","52","55.91"
"HOPE Eligible","2022-23","SCHOOL","621","Candler County","0303","Metter College and Career Academy","39","TFS","TFS"
"HOPE Eligible","2022-23","DISTRICT","621","Candler County","ALL","All Schools","132","55","41.67"
"HOPE Eligible","2022-23","SCHOOL","622","Carroll County","0189","Temple High School","134","67","50"
"HOPE Eligible","2022-23","SCHOOL","622","Carroll County","0212","Mt. Zion High School","100","37","37"
"HOPE Eligible","2022-23","SCHOOL","622","Carroll County","2052","Central High School","264","163","61.74"
"HOPE Eligible","2022-23","SCHOOL","622","Carroll County","3050","Bowdon High School","96","50","52.08"
"HOPE Eligible","2022-23","SCHOOL","622","Carroll County","5054","Villa Rica High School","348","195","56.03"
"HOPE Eligible","2022-23","DISTRICT","622","Carroll County","ALL","All Schools","942","512","54.35"
"HOPE Eligible","2022-23","SCHOOL","623","Catoosa County","0109","Heritage High School","278","163","58.63"
"HOPE Eligible","2022-23","SCHOOL","623","Catoosa County","1052","Lakeview-Fort Oglethorpe High School","251","95","37.85"
"HOPE Eligible","2022-23","SCHOOL","623","Catoosa County","4052","Ringgold High School","254","152","59.84"
"HOPE Eligible","2022-23","DISTRICT","623","Catoosa County","ALL","All Schools","783","410","52.36"
"HOPE Eligible","2022-23","SCHOOL","624","Charlton County","0287","Charlton County High School","97","58","59.79"
"HOPE Eligible","2022-23","DISTRICT","624","Charlton County","ALL","All Schools","97","58","59.79"
"HOPE Eligible","2022-23","SCHOOL","625","Savannah-Chatham County","0101","Johnson High School","167","36","21.56"
"HOPE Eligible","2022-23","SCHOOL","625","Savannah-Chatham County","0115","Woodville-Tompkins Technical and Career High School","149","106","71.14"
"HOPE Eligible","2022-23","SCHOOL","625","Savannah-Chatham County","0117","New Hampstead High School","317","104","32.81"
"HOPE Eligible","2022-23","SCHOOL","625","Savannah-Chatham County","0210","The School of Liberal Studies at Savannah High","146","28","19.18"
"HOPE Eligible","2022-23","SCHOOL","625","Savannah-Chatham County","0411","Islands High School","203","102","50.25"
"HOPE Eligible","2022-23","SCHOOL","625","Savannah-Chatham County","0499","Savannah Arts Academy","236","178","75.42"
"HOPE Eligible","2022-23","SCHOOL","625","Savannah-Chatham County","0513","Savannah Early College High School","36","25","69.44"
"HOPE Eligible","2022-23","SCHOOL","625","Savannah-Chatham County","0514","School of Humanities at Juliette Gordon Low","TFS","TFS","TFS"
"HOPE Eligible","2022-23","SCHOOL","625","Savannah-Chatham County","0516","Savannah Classical Academy Charter High School","14","TFS","TFS"
"HOPE Eligible","2022-23","SCHOOL","625","Savannah-Chatham County","0518","Savannah-Chatham E-Learning Academy","66","20","30.3"
"HOPE Eligible","2022-23","SCHOOL","625","Savannah-Chatham County","2052","Beach High School","167","31","18.56"
"HOPE Eligible","2022-23","SCHOOL","625","Savannah-Chatham County","3056","Groves High School","190","38","20"
"HOPE Eligible","2022-23","SCHOOL","625","Savannah-Chatham County","5060","Jenkins High School","194","66","34.02"
"HOPE Eligible","2022-23","SCHOOL","625","Savannah-Chatham County","5070","Windsor Forest High School","201","54","26.87"
"HOPE Eligible","2022-23","DISTRICT","625","Savannah-Chatham County","ALL","All Schools","2087","794","38.05"
"HOPE Eligible","2022-23","SCHOOL","626","Chattahoochee County","0206","Chattahoochee County High School","95","46","48.42"
"HOPE Eligible","2022-23","DISTRICT","626","Chattahoochee County","ALL","All Schools","95","46","48.42"
"HOPE Eligible","2022-23","SCHOOL","627","Chattooga County","1050","Chattooga High School","110","51","46.36"
"HOPE Eligible","2022-23","DISTRICT","627","Chattooga County","ALL","All Schools","110","51","46.36"
"HOPE Eligible","2022-23","SCHOOL","628","Cherokee County","0106","Creekview High School","456","320","70.18"
"HOPE Eligible","2022-23","SCHOOL","628","Cherokee County","0115","River Ridge High School","416","260","62.5"
"HOPE Eligible","2022-23","SCHOOL","628","Cherokee County","0176","Etowah High School","556","355","63.85"
"HOPE Eligible","2022-23","SCHOOL","628","Cherokee County","0191","Sequoyah High School","463","289","62.42"
"HOPE Eligible","2022-23","SCHOOL","628","Cherokee County","0197","Woodstock High School","461","298","64.64"
"HOPE Eligible","2022-23","SCHOOL","628","Cherokee County","0606","iGrad Virtual Academy School","70","27","38.57"
"HOPE Eligible","2022-23","SCHOOL","628","Cherokee County","5050","Cherokee High School","576","291","50.52"
"HOPE Eligible","2022-23","DISTRICT","628","Cherokee County","ALL","All Schools","2998","1840","61.37"
"HOPE Eligible","2022-23","SCHOOL","629","Clarke County","0102","Cedar Shoals High School","224","96","42.86"
"HOPE Eligible","2022-23","SCHOOL","629","Clarke County","0104","Classic City High School","10","TFS","TFS"
"HOPE Eligible","2022-23","SCHOOL","629","Clarke County","5556","Clarke Central High School","353","178","50.42"
"HOPE Eligible","2022-23","DISTRICT","629","Clarke County","ALL","All Schools","587","274","46.68"
"HOPE Eligible","2022-23","SCHOOL","631","Clayton County","0104","Mundy's Mill High School","330","106","32.12"
"HOPE Eligible","2022-23","SCHOOL","631","Clayton County","0114","Elite Scholars Academy School","90","81","90"
"HOPE Eligible","2022-23","SCHOOL","631","Clayton County","0115","Charles R. Drew High School","268","110","41.04"
"HOPE Eligible","2022-23","SCHOOL","631","Clayton County","0190","Lovejoy High School","358","131","36.59"
"HOPE Eligible","2022-23","SCHOOL","631","Clayton County","0215","Martha Ellen Stilwell School for the Performing Arts","146","90","61.64"
"HOPE Eligible","2022-23","SCHOOL","631","Clayton County","0290","Mount Zion High School","214","79","36.92"
"HOPE Eligible","2022-23","SCHOOL","631","Clayton County","0377","Riverdale High School","263","94","35.74"
"HOPE Eligible","2022-23","SCHOOL","631","Clayton County","0378","Perry Career Academy - Eula Wilburn Ponds Perry Center for Learning","477","28","5.87"
"HOPE Eligible","2022-23","SCHOOL","631","Clayton County","1054","Forest Park High School","334","141","42.22"
"HOPE Eligible","2022-23","SCHOOL","631","Clayton County","1056","Jonesboro High School","265","100","37.74"
"HOPE Eligible","2022-23","SCHOOL","631","Clayton County","2052","North Clayton High School","211","53","25.12"
"HOPE Eligible","2022-23","SCHOOL","631","Clayton County","4058","Morrow High School","374","156","41.71"
"HOPE Eligible","2022-23","DISTRICT","631","Clayton County","ALL","All Schools","3330","1169","35.11"
"HOPE Eligible","2022-23","SCHOOL","632","Clinch County","1050","Clinch County High School","78","36","46.15"
"HOPE Eligible","2022-23","DISTRICT","632","Clinch County","ALL","All Schools","78","36","46.15"
"HOPE Eligible","2022-23","SCHOOL","633","Cobb County","0101","Kennesaw Mountain High School","452","301","66.59"
"HOPE Eligible","2022-23","SCHOOL","633","Cobb County","0103","Kell High School","323","178","55.11"
"HOPE Eligible","2022-23","SCHOOL","633","Cobb County","0175","Walton High School","598","482","80.6"
"HOPE Eligible","2022-23","SCHOOL","633","Cobb County","0188","Pope High School","464","337","72.63"
"HOPE Eligible","2022-23","SCHOOL","633","Cobb County","0192","Harrison High School","509","368","72.3"
"HOPE Eligible","2022-23","SCHOOL","633","Cobb County","0209","Allatoona High School","415","249","60"
"HOPE Eligible","2022-23","SCHOOL","633","Cobb County","0373","Sprayberry High School","425","240","56.47"
"HOPE Eligible","2022-23","SCHOOL","633","Cobb County","0381","Lassiter High School","474","326","68.78"
"HOPE Eligible","2022-23","SCHOOL","633","Cobb County","0707","Hillgrove High School","583","388","66.55"
"HOPE Eligible","2022-23","SCHOOL","633","Cobb County","0808","Cobb Horizon High School","276","45","16.3"
"HOPE Eligible","2022-23","SCHOOL","633","Cobb County","1054","Campbell High School","622","330","53.05"
"HOPE Eligible","2022-23","SCHOOL","633","Cobb County","1064","McEachern High School","536","240","44.78"
"HOPE Eligible","2022-23","SCHOOL","633","Cobb County","1069","Wheeler High School","495","308","62.22"
"HOPE Eligible","2022-23","SCHOOL","633","Cobb County","2056","North Cobb High School","607","356","58.65"
"HOPE Eligible","2022-23","SCHOOL","633","Cobb County","2066","Osborne High School","515","159","30.87"
"HOPE Eligible","2022-23","SCHOOL","633","Cobb County","3056","South Cobb High School","395","178","45.06"
"HOPE Eligible","2022-23","SCHOOL","633","Cobb County","4066","Pebblebrook High School","466","167","35.84"
"HOPE Eligible","2022-23","DISTRICT","633","Cobb County","ALL","All Schools","8155","4652","57.04"
"HOPE Eligible","2022-23","SCHOOL","634","Coffee County","0114","Wiregrass Regional College and Career Academy","62","20","32.26"
"HOPE Eligible","2022-23","SCHOOL","634","Coffee County","0195","Coffee County High School","323","188","58.2"
"HOPE Eligible","2022-23","DISTRICT","634","Coffee County","ALL","All Schools","385","208","54.03"
"HOPE Eligible","2022-23","SCHOOL","635","Colquitt County","1554","Colquitt County High School","481","205","42.62"
"HOPE Eligible","2022-23","DISTRICT","635","Colquitt County","ALL","All Schools","481","205","42.62"
"HOPE Eligible","2022-23","SCHOOL","636","Columbia County","0112","Grovetown High School","415","150","36.14"
"HOPE Eligible","2022-23","SCHOOL","636","Columbia County","0183","Harlem High School","262","139","53.05"
"HOPE Eligible","2022-23","SCHOOL","636","Columbia County","0189","Lakeside High School","424","242","57.08"
"HOPE Eligible","2022-23","SCHOOL","636","Columbia County","0197","Greenbrier High School","390","249","63.85"
"HOPE Eligible","2022-23","SCHOOL","636","Columbia County","4050","Evans High School","422","207","49.05"
"HOPE Eligible","2022-23","DISTRICT","636","Columbia County","ALL","All Schools","1913","987","51.59"
"HOPE Eligible","2022-23","SCHOOL","637","Cook County","0111","Cook High School","189","98","51.85"
"HOPE Eligible","2022-23","DISTRICT","637","Cook County","ALL","All Schools","189","98","51.85"
"HOPE Eligible","2022-23","SCHOOL","638","Coweta County","0196","Northgate High School","433","238","54.97"
"HOPE Eligible","2022-23","SCHOOL","638","Coweta County","0389","East Coweta High School","786","391","49.75"
"HOPE Eligible","2022-23","SCHOOL","638","Coweta County","5054","Newnan High School","530","275","51.89"
"HOPE Eligible","2022-23","DISTRICT","638","Coweta County","ALL","All Schools","1749","904","51.69"
"HOPE Eligible","2022-23","SCHOOL","639","Crawford County","0193","Crawford County High School","113","47","41.59"
"HOPE Eligible","2022-23","DISTRICT","639","Crawford County","ALL","All Schools","113","47","41.59"
"HOPE Eligible","2022-23","SCHOOL","640","Crisp County","0196","Crisp County High School","241","89","36.93"
"HOPE Eligible","2022-23","DISTRICT","640","Crisp County","ALL","All Schools","241","89","36.93"
"HOPE Eligible","2022-23","SCHOOL","641","Dade County","0195","Dade County High School","140","79","56.43"
"HOPE Eligible","2022-23","DISTRICT","641","Dade County","ALL","All Schools","140","79","56.43"
"HOPE Eligible","2022-23","SCHOOL","642","Dawson County","0198","Dawson County High School","224","121","54.02"
"HOPE Eligible","2022-23","DISTRICT","642","Dawson County","ALL","All Schools","224","121","54.02"
"HOPE Eligible","2022-23","SCHOOL","643","Decatur County","0116","New Beginning Learning Center","55","TFS","TFS"
"HOPE Eligible","2022-23","SCHOOL","643","Decatur County","3050","Bainbridge High School","272","131","48.16"
"HOPE Eligible","2022-23","DISTRICT","643","Decatur County","ALL","All Schools","327","131","40.06"
"HOPE Eligible","2022-23","SCHOOL","644","DeKalb County","0103","Martin Luther King, Jr. High School","287","90","31.36"
"HOPE Eligible","2022-23","SCHOOL","644","DeKalb County","0105","Miller Grove High School","217","60","27.65"
"HOPE Eligible","2022-23","SCHOOL","644","DeKalb County","0172","Cedar Grove High School","221","65","29.41"
"HOPE Eligible","2022-23","SCHOOL","644","DeKalb County","0176","Redan High School","175","57","32.57"
"HOPE Eligible","2022-23","SCHOOL","644","DeKalb County","0202","Lithonia High School","259","76","29.34"
"HOPE Eligible","2022-23","SCHOOL","644","DeKalb County","0276","Stone Mountain High School","205","72","35.12"
"HOPE Eligible","2022-23","SCHOOL","644","DeKalb County","0315","Tapestry Public Charter School","31","18","58.06"
"HOPE Eligible","2022-23","SCHOOL","644","DeKalb County","0407","Dekalb Early College Academy","66","53","80.3"
"HOPE Eligible","2022-23","SCHOOL","644","DeKalb County","0410","DeKalb School of the Arts","87","77","88.51"
"HOPE Eligible","2022-23","SCHOOL","644","DeKalb County","0497","Stephenson High School","232","71","30.6"
"HOPE Eligible","2022-23","SCHOOL","644","DeKalb County","0610","Arabia Mountain High School - Academy of Engineering, Medicine and Environm","216","150","69.44"
"HOPE Eligible","2022-23","SCHOOL","644","DeKalb County","0810","Elizabeth Andrews High School","114","TFS","TFS"
"HOPE Eligible","2022-23","SCHOOL","644","DeKalb County","1070","Tucker High School","297","157","52.86"
"HOPE Eligible","2022-23","SCHOOL","644","DeKalb County","2054","Columbia High School","174","56","32.18"
"HOPE Eligible","2022-23","SCHOOL","644","DeKalb County","2055","Druid Hills High School","297","180","60.61"
"HOPE Eligible","2022-23","SCHOOL","644","DeKalb County","3060","Lakeside High School","399","269","67.42"
"HOPE Eligible","2022-23","SCHOOL","644","DeKalb County","3070","McNair High School","88","20","22.73"
"HOPE Eligible","2022-23","SCHOOL","644","DeKalb County","4053","Clarkston High School","233","107","45.92"
"HOPE Eligible","2022-23","SCHOOL","644","DeKalb County","4054","Cross Keys High School","266","104","39.1"
"HOPE Eligible","2022-23","SCHOOL","644","DeKalb County","4069","Towers High School","124","45","36.29"
"HOPE Eligible","2022-23","SCHOOL","644","DeKalb County","5052","Chamblee High School","376","260","69.15"
"HOPE Eligible","2022-23","SCHOOL","644","DeKalb County","5055","Dunwoody High School","470","309","65.74"
"HOPE Eligible","2022-23","SCHOOL","644","DeKalb County","5067","Southwest DeKalb High School","294","95","32.31"
"HOPE Eligible","2022-23","DISTRICT","644","DeKalb County","ALL","All Schools","5128","2391","46.63"
"HOPE Eligible","2022-23","SCHOOL","645","Dodge County","0103","Dodge County High School","171","97","56.73"
"HOPE Eligible","2022-23","SCHOOL","645","Dodge County","0292","DAC (Dodge County Achievement Center)","17","TFS","TFS"
"HOPE Eligible","2022-23","DISTRICT","645","Dodge County","ALL","All Schools","188","97","51.6"
"HOPE Eligible","2022-23","SCHOOL","646","Dooly County","0182","Dooly County High School","73","31","42.47"
"HOPE Eligible","2022-23","SCHOOL","646","Dooly County","0205","Dooly County Prep Academy","TFS","TFS","TFS"
"HOPE Eligible","2022-23","DISTRICT","646","Dooly County","ALL","All Schools","75","31","41.33"
"HOPE Eligible","2022-23","SCHOOL","647","Dougherty County","0400","South Georgia Regional Achievement Center, The Phoenix","TFS","TFS","TFS"
"HOPE Eligible","2022-23","SCHOOL","647","Dougherty County","1058","Monroe High School","211","47","22.27"
"HOPE Eligible","2022-23","SCHOOL","647","Dougherty County","2052","Dougherty Comprehensive High School","242","64","26.45"
"HOPE Eligible","2022-23","SCHOOL","647","Dougherty County","4062","Westover High School","282","106","37.59"
"HOPE Eligible","2022-23","DISTRICT","647","Dougherty County","ALL","All Schools","739","217","29.36"
"HOPE Eligible","2022-23","SCHOOL","648","Douglas County","0100","Chapel Hill High School","351","157","44.73"
"HOPE Eligible","2022-23","SCHOOL","648","Douglas County","0175","Lithia Springs Comprehensive High School","322","117","36.34"
"HOPE Eligible","2022-23","SCHOOL","648","Douglas County","0187","Alexander High School","446","244","54.71"
"HOPE Eligible","2022-23","SCHOOL","648","Douglas County","0212","New Manchester High School","416","146","35.1"
"HOPE Eligible","2022-23","SCHOOL","648","Douglas County","0507","Youth Villages at Inner Harbour","TFS","TFS","TFS"
"HOPE Eligible","2022-23","SCHOOL","648","Douglas County","4050","Douglas County High School","458","213","46.51"
"HOPE Eligible","2022-23","DISTRICT","648","Douglas County","ALL","All Schools","1995","877","43.96"
"HOPE Eligible","2022-23","SCHOOL","649","Early County","2050","Early County High School","124","50","40.32"
"HOPE Eligible","2022-23","DISTRICT","649","Early County","ALL","All Schools","124","50","40.32"
"HOPE Eligible","2022-23","SCHOOL","650","Echols County","1050","Echols County High School","50","22","44"
"HOPE Eligible","2022-23","DISTRICT","650","Echols County","ALL","All Schools","50","22","44"
"HOPE Eligible","2022-23","SCHOOL","651","Effingham County","0197","South Effingham High School","445","216","48.54"
"HOPE Eligible","2022-23","SCHOOL","651","Effingham County","0390","Effingham County High School","432","163","37.73"
"HOPE Eligible","2022-23","DISTRICT","651","Effingham County","ALL","All Schools","877","379","43.22"
"HOPE Eligible","2022-23","SCHOOL","652","Elbert County","0176","Elbert County High School","169","88","52.07"
"HOPE Eligible","2022-23","DISTRICT","652","Elbert County","ALL","All Schools","169","88","52.07"
"HOPE Eligible","2022-23","SCHOOL","653","Emanuel County","0189","Swainsboro High School","156","72","46.15"
"HOPE Eligible","2022-23","SCHOOL","653","Emanuel County","2050","Emanuel County Institute","94","53","56.38"
"HOPE Eligible","2022-23","DISTRICT","653","Emanuel County","ALL","All Schools","250","125","50"
"HOPE Eligible","2022-23","SCHOOL","654","Evans County","0197","Second Chance","13","TFS","TFS"
"HOPE Eligible","2022-23","SCHOOL","654","Evans County","2050","Claxton High School","116","45","38.79"
"HOPE Eligible","2022-23","DISTRICT","654","Evans County","ALL","All Schools","129","46","35.66"
"HOPE Eligible","2022-23","SCHOOL","655","Fannin County","0176","Fannin County High School","216","98","45.37"
"HOPE Eligible","2022-23","DISTRICT","655","Fannin County","ALL","All Schools","216","98","45.37"
"HOPE Eligible","2022-23","SCHOOL","656","Fayette County","0105","Whitewater High School","326","211","64.72"
"HOPE Eligible","2022-23","SCHOOL","656","Fayette County","0182","McIntosh High School","414","265","64.01"
"HOPE Eligible","2022-23","SCHOOL","656","Fayette County","0192","Sandy Creek High School","279","121","43.37"
"HOPE Eligible","2022-23","SCHOOL","656","Fayette County","0198","Starrs Mill High School","306","237","77.45"
"HOPE Eligible","2022-23","SCHOOL","656","Fayette County","0398","Fayette County High School","288","105","36.46"
"HOPE Eligible","2022-23","DISTRICT","656","Fayette County","ALL","All Schools","1613","939","58.21"
"HOPE Eligible","2022-23","SCHOOL","657","Floyd County","0107","Pepperell High School","120","56","46.67"
"HOPE Eligible","2022-23","SCHOOL","657","Floyd County","0111","Model High","164","98","59.76"
"HOPE Eligible","2022-23","SCHOOL","657","Floyd County","0401","Armuchee High School","101","60","59.41"
"HOPE Eligible","2022-23","SCHOOL","657","Floyd County","5050","Coosa High School","113","47","41.59"
"HOPE Eligible","2022-23","DISTRICT","657","Floyd County","ALL","All Schools","498","261","52.41"
"HOPE Eligible","2022-23","SCHOOL","658","Forsyth County","0107","West Forsyth High School","570","383","67.19"
"HOPE Eligible","2022-23","SCHOOL","658","Forsyth County","0190","South Forsyth High School","585","458","78.29"
"HOPE Eligible","2022-23","SCHOOL","658","Forsyth County","0195","North Forsyth High School","480","286","59.58"
"HOPE Eligible","2022-23","SCHOOL","658","Forsyth County","0214","Lambert High School","717","626","87.31"
"HOPE Eligible","2022-23","SCHOOL","658","Forsyth County","0701","Alliance Academy for Innovation","258","213","82.56"
"HOPE Eligible","2022-23","SCHOOL","658","Forsyth County","0702","Denmark High School","611","433","70.87"
"HOPE Eligible","2022-23","SCHOOL","658","Forsyth County","0704","East Forsyth High School","263","141","53.61"
"HOPE Eligible","2022-23","SCHOOL","658","Forsyth County","5050","Forsyth Central High School","547","328","59.96"
"HOPE Eligible","2022-23","DISTRICT","658","Forsyth County","ALL","All Schools","4031","2868","71.15"
"HOPE Eligible","2022-23","SCHOOL","659","Franklin County","3050","Franklin County High School","221","114","51.58"
"HOPE Eligible","2022-23","DISTRICT","659","Franklin County","ALL","All Schools","221","114","51.58"
"HOPE Eligible","2022-23","SCHOOL","660","Fulton County","0106","Milton High School","558","415","74.37"
"HOPE Eligible","2022-23","SCHOOL","660","Fulton County","0118","Hapeville Charter Career Academy","139","51","36.69"
"HOPE Eligible","2022-23","SCHOOL","660","Fulton County","0119","Cambridge High School","496","370","74.6"
"HOPE Eligible","2022-23","SCHOOL","660","Fulton County","0176","Banneker High School","276","81","29.35"
"HOPE Eligible","2022-23","SCHOOL","660","Fulton County","0191","Roswell High School","492","317","64.43"
"HOPE Eligible","2022-23","SCHOOL","660","Fulton County","0198","Centennial High School","396","252","63.64"
"HOPE Eligible","2022-23","SCHOOL","660","Fulton County","0203","Northview High School","448","357","79.69"
"HOPE Eligible","2022-23","SCHOOL","660","Fulton County","0205","Alpharetta High School","543","397","73.11"
"HOPE Eligible","2022-23","SCHOOL","660","Fulton County","0291","Creekside High School","361","78","21.61"
"HOPE Eligible","2022-23","SCHOOL","660","Fulton County","0386","Independence High School","72","TFS","TFS"
"HOPE Eligible","2022-23","SCHOOL","660","Fulton County","0392","Chattahoochee High School","470","320","68.09"
"HOPE Eligible","2022-23","SCHOOL","660","Fulton County","0691","Tri-Cities High School","327","105","32.11"
"HOPE Eligible","2022-23","SCHOOL","660","Fulton County","0910","Johns Creek High School","502","405","80.68"
"HOPE Eligible","2022-23","SCHOOL","660","Fulton County","1110","Langston Hughes High School","419","156","37.23"
"HOPE Eligible","2022-23","SCHOOL","660","Fulton County","1320","Skyview High School","74","TFS","TFS"
"HOPE Eligible","2022-23","SCHOOL","660","Fulton County","1323","Global Impact Academy","TFS","TFS","TFS"
"HOPE Eligible","2022-23","SCHOOL","660","Fulton County","1325","Fulton Academy of Virtual Excellence","59","21","35.59"
"HOPE Eligible","2022-23","SCHOOL","660","Fulton County","3066","Riverwood International Charter School","406","251","61.82"
"HOPE Eligible","2022-23","SCHOOL","660","Fulton County","4062","North Springs High School","292","173","59.25"
"HOPE Eligible","2022-23","SCHOOL","660","Fulton County","5069","Westlake High School","527","224","42.5"
"HOPE Eligible","2022-23","DISTRICT","660","Fulton County","ALL","All Schools","6858","3977","57.99"
"HOPE Eligible","2022-23","SCHOOL","661","Gilmer County","0196","Gilmer High School","238","120","50.42"
"HOPE Eligible","2022-23","DISTRICT","661","Gilmer County","ALL","All Schools","238","120","50.42"
"HOPE Eligible","2022-23","SCHOOL","662","Glascock County","0196","Glascock County Middle/High School","39","24","61.54"
"HOPE Eligible","2022-23","DISTRICT","662","Glascock County","ALL","All Schools","39","24","61.54"
"HOPE Eligible","2022-23","SCHOOL","663","Glynn County","0107","Morningstar Treatment Services, Inc. Youth Estate","TFS","TFS","TFS"
"HOPE Eligible","2022-23","SCHOOL","663","Glynn County","3552","Brunswick High School","375","161","42.93"
"HOPE Eligible","2022-23","SCHOOL","663","Glynn County","4752","Glynn Academy","426","250","58.69"
"HOPE Eligible","2022-23","DISTRICT","663","Glynn County","ALL","All Schools","802","411","51.25"
"HOPE Eligible","2022-23","SCHOOL","664","Gordon County","0106","Sonoraville High School","250","158","63.2"
"HOPE Eligible","2022-23","SCHOOL","664","Gordon County","0286","Gordon Central High School","220","143","65"
"HOPE Eligible","2022-23","DISTRICT","664","Gordon County","ALL","All Schools","470","301","64.04"
"HOPE Eligible","2022-23","SCHOOL","665","Grady County","1050","Cairo High School","261","105","40.23"
"HOPE Eligible","2022-23","DISTRICT","665","Grady County","ALL","All Schools","261","105","40.23"
"HOPE Eligible","2022-23","SCHOOL","666","Greene County","0401","Greene County High School","79","19","24.05"
"HOPE Eligible","2022-23","SCHOOL","666","Greene County","0402","Lake Oconee Charter High School","64","54","84.38"
"HOPE Eligible","2022-23","DISTRICT","666","Greene County","ALL","All Schools","143","73","51.05"
"HOPE Eligible","2022-23","SCHOOL","667","Gwinnett County","0101","Grayson High School","730","428","58.63"
"HOPE Eligible","2022-23","SCHOOL","667","Gwinnett County","0103","Norcross High School","560","227","40.54"
"HOPE Eligible","2022-23","SCHOOL","667","Gwinnett County","0105","Mill Creek High School","731","529","72.37"
"HOPE Eligible","2022-23","SCHOOL","667","Gwinnett County","0176","Parkview High School","658","438","66.57"
"HOPE Eligible","2022-23","SCHOOL","667","Gwinnett County","0182","Brookwood High School","824","561","68.08"
"HOPE Eligible","2022-23","SCHOOL","667","Gwinnett County","0185","Shiloh High School","431","179","41.53"
"HOPE Eligible","2022-23","SCHOOL","667","Gwinnett County","0187","Meadowcreek High School","470","141","30"
"HOPE Eligible","2022-23","SCHOOL","667","Gwinnett County","0189","Phoenix High School","194","TFS","TFS"
"HOPE Eligible","2022-23","SCHOOL","667","Gwinnett County","0195","Collins Hill High School","555","326","58.74"
"HOPE Eligible","2022-23","SCHOOL","667","Gwinnett County","0708","Oakland Meadow School","TFS","TFS","TFS"
"HOPE Eligible","2022-23","SCHOOL","667","Gwinnett County","0805","Peachtree Ridge High School","777","472","60.75"
"HOPE Eligible","2022-23","SCHOOL","667","Gwinnett County","1018","Lanier High School","396","240","60.61"
"HOPE Eligible","2022-23","SCHOOL","667","Gwinnett County","1019","Gwinnett School of Mathematics, Science and Technology","249","212","85.14"
"HOPE Eligible","2022-23","SCHOOL","667","Gwinnett County","1050","Berkmar High School","497","189","38.03"
"HOPE Eligible","2022-23","SCHOOL","667","Gwinnett County","1214","Gwinnett Online Campus","285","99","34.74"
"HOPE Eligible","2022-23","SCHOOL","667","Gwinnett County","1410","Mountain View High School","523","290","55.45"
"HOPE Eligible","2022-23","SCHOOL","667","Gwinnett County","1710","Archer High School","694","431","62.1"
"HOPE Eligible","2022-23","SCHOOL","667","Gwinnett County","1814","Discovery High School","547","224","40.95"
"HOPE Eligible","2022-23","SCHOOL","667","Gwinnett County","1818","Paul Duke STEM High School","243","158","65.02"
"HOPE Eligible","2022-23","SCHOOL","667","Gwinnett County","1819","McClure Health Science High School","263","129","49.05"
"HOPE Eligible","2022-23","SCHOOL","667","Gwinnett County","1820","Seckinger High School","214","107","50"
"HOPE Eligible","2022-23","SCHOOL","667","Gwinnett County","2558","South Gwinnett High School","497","215","43.26"
"HOPE Eligible","2022-23","SCHOOL","667","Gwinnett County","3750","Central Gwinnett High School","417","153","36.69"
"HOPE Eligible","2022-23","SCHOOL","667","Gwinnett County","4052","Dacula High School","487","261","53.59"
"HOPE Eligible","2022-23","SCHOOL","667","Gwinnett County","4556","North Gwinnett High School","756","578","76.46"
"HOPE Eligible","2022-23","SCHOOL","667","Gwinnett County","5550","Duluth High School","508","280","55.12"
"HOPE Eligible","2022-23","DISTRICT","667","Gwinnett County","ALL","All Schools","12509","6874","54.95"
"HOPE Eligible","2022-23","SCHOOL","668","Habersham County","0114","Habersham Success Academy","21","TFS","TFS"
"HOPE Eligible","2022-23","SCHOOL","668","Habersham County","2052","Habersham Central High School","469","238","50.75"
"HOPE Eligible","2022-23","DISTRICT","668","Habersham County","ALL","All Schools","490","238","48.57"
"HOPE Eligible","2022-23","SCHOOL","669","Hall County","0102","Chestatee High School","274","135","49.27"
"HOPE Eligible","2022-23","SCHOOL","669","Hall County","0105","Lanier College and Career Academy","71","TFS","TFS"
"HOPE Eligible","2022-23","SCHOOL","669","Hall County","0189","West Hall High School","224","85","37.95"
"HOPE Eligible","2022-23","SCHOOL","669","Hall County","0202","Flowery Branch High","304","193","63.49"
"HOPE Eligible","2022-23","SCHOOL","669","Hall County","0391","Cherokee Bluff High School","229","136","59.39"
"HOPE Eligible","2022-23","SCHOOL","669","Hall County","0392","The Foundry","19","TFS","TFS"
"HOPE Eligible","2022-23","SCHOOL","669","Hall County","1552","East Hall High School","275","101","36.73"
"HOPE Eligible","2022-23","SCHOOL","669","Hall County","1556","North Hall High School","226","132","58.41"
"HOPE Eligible","2022-23","SCHOOL","669","Hall County","4752","Johnson High School","278","86","30.94"
"HOPE Eligible","2022-23","DISTRICT","669","Hall County","ALL","All Schools","1900","876","46.11"
"HOPE Eligible","2022-23","SCHOOL","670","Hancock County","0288","Hancock Central High School","52","19","36.54"
"HOPE Eligible","2022-23","DISTRICT","670","Hancock County","ALL","All Schools","52","19","36.54"
"HOPE Eligible","2022-23","SCHOOL","671","Haralson County","0198","Haralson County Rebel Academy","10","TFS","TFS"
"HOPE Eligible","2022-23","SCHOOL","671","Haralson County","3050","Haralson County High School","197","80","40.61"
"HOPE Eligible","2022-23","DISTRICT","671","Haralson County","ALL","All Schools","207","80","38.65"
"HOPE Eligible","2022-23","SCHOOL","672","Harris County","0299","Harris County High School","398","220","55.28"
"HOPE Eligible","2022-23","DISTRICT","672","Harris County","ALL","All Schools","398","220","55.28"
"HOPE Eligible","2022-23","SCHOOL","673","Hart County","3050","Hart County High School","225","126","56"
"HOPE Eligible","2022-23","DISTRICT","673","Hart County","ALL","All Schools","225","126","56"
"HOPE Eligible","2022-23","SCHOOL","674","Heard County","0110","Heard County High School","144","85","59.03"
"HOPE Eligible","2022-23","DISTRICT","674","Heard County","ALL","All Schools","144","85","59.03"
"HOPE Eligible","2022-23","SCHOOL","675","Henry County","0101","Union Grove High","361","184","50.97"
"HOPE Eligible","2022-23","SCHOOL","675","Henry County","0104","Luella High School","273","95","34.8"
"HOPE Eligible","2022-23","SCHOOL","675","Henry County","0105","Dutchtown High","429","170","39.63"
"HOPE Eligible","2022-23","SCHOOL","675","Henry County","0214","Locust Grove High","368","141","38.32"
"HOPE Eligible","2022-23","SCHOOL","675","Henry County","0295","Stockbridge High School","319","83","26.02"
"HOPE Eligible","2022-23","SCHOOL","675","Henry County","0307","Ola High School","452","186","41.15"
"HOPE Eligible","2022-23","SCHOOL","675","Henry County","0315","Hampton High School","290","115","39.66"
"HOPE Eligible","2022-23","SCHOOL","675","Henry County","0391","Eagle's Landing High School","375","117","31.2"
"HOPE Eligible","2022-23","SCHOOL","675","Henry County","0408","Woodland High School","310","130","41.94"
"HOPE Eligible","2022-23","SCHOOL","675","Henry County","0804","EXCEL Academy","28","TFS","TFS"
"HOPE Eligible","2022-23","SCHOOL","675","Henry County","3050","McDonough High School","245","65","26.53"
"HOPE Eligible","2022-23","DISTRICT","675","Henry County","ALL","All Schools","3450","1290","37.39"
"HOPE Eligible","2022-23","SCHOOL","676","Houston County","0111","Veterans High School","411","259","63.02"
"HOPE Eligible","2022-23","SCHOOL","676","Houston County","0192","Houston County High School","474","321","67.72"
"HOPE Eligible","2022-23","SCHOOL","676","Houston County","1054","Perry High School","320","170","53.13"
"HOPE Eligible","2022-23","SCHOOL","676","Houston County","2052","Northside High School","378","125","33.07"
"HOPE Eligible","2022-23","SCHOOL","676","Houston County","4056","Warner Robins High School","361","148","41"
"HOPE Eligible","2022-23","DISTRICT","676","Houston County","ALL","All Schools","1944","1023","52.62"
"HOPE Eligible","2022-23","SCHOOL","677","Irwin County","2050","Irwin County High School","119","56","47.06"
"HOPE Eligible","2022-23","DISTRICT","677","Irwin County","ALL","All Schools","119","56","47.06"
"HOPE Eligible","2022-23","SCHOOL","678","Jackson County","0107","East Jackson Comprehensive High School","240","98","40.83"
"HOPE Eligible","2022-23","SCHOOL","678","Jackson County","0191","Jackson County High School","393","213","54.2"
"HOPE Eligible","2022-23","DISTRICT","678","Jackson County","ALL","All Schools","633","311","49.13"
"HOPE Eligible","2022-23","SCHOOL","679","Jasper County","0108","Jasper County High School","144","63","43.75"
"HOPE Eligible","2022-23","DISTRICT","679","Jasper County","ALL","All Schools","144","63","43.75"
"HOPE Eligible","2022-23","SCHOOL","680","Jeff Davis County","0199","Jeff Davis High School","186","106","56.99"
"HOPE Eligible","2022-23","DISTRICT","680","Jeff Davis County","ALL","All Schools","186","106","56.99"
"HOPE Eligible","2022-23","SCHOOL","681","Jefferson County","0196","Jefferson County High School","122","49","40.16"
"HOPE Eligible","2022-23","DISTRICT","681","Jefferson County","ALL","All Schools","122","49","40.16"
"HOPE Eligible","2022-23","SCHOOL","682","Jenkins County","0201","Jenkins County High School","58","29","50"
"HOPE Eligible","2022-23","DISTRICT","682","Jenkins County","ALL","All Schools","58","29","50"
"HOPE Eligible","2022-23","SCHOOL","683","Johnson County","0201","Johnson County High School","67","28","41.79"
"HOPE Eligible","2022-23","DISTRICT","683","Johnson County","ALL","All Schools","67","28","41.79"
"HOPE Eligible","2022-23","SCHOOL","684","Jones County","0192","Jones County High School","366","166","45.36"
"HOPE Eligible","2022-23","DISTRICT","684","Jones County","ALL","All Schools","366","166","45.36"
"HOPE Eligible","2022-23","SCHOOL","685","Lamar County","0175","Lamar County High School","188","60","31.91"
"HOPE Eligible","2022-23","DISTRICT","685","Lamar County","ALL","All Schools","188","60","31.91"
"HOPE Eligible","2022-23","SCHOOL","686","Lanier County","0201","Lanier County High School","93","39","41.94"
"HOPE Eligible","2022-23","DISTRICT","686","Lanier County","ALL","All Schools","93","39","41.94"
"HOPE Eligible","2022-23","SCHOOL","687","Laurens County","0110","West Laurens High School","307","158","51.47"
"HOPE Eligible","2022-23","SCHOOL","687","Laurens County","0197","East Laurens High School","143","66","46.15"
"HOPE Eligible","2022-23","DISTRICT","687","Laurens County","ALL","All Schools","450","224","49.78"
"HOPE Eligible","2022-23","SCHOOL","688","Lee County","0193","Lee County High School","455","261","57.36"
"HOPE Eligible","2022-23","SCHOOL","688","Lee County","0209","Lee High School 9th Grade Campus","TFS","TFS","TFS"
"HOPE Eligible","2022-23","DISTRICT","688","Lee County","ALL","All Schools","456","261","57.24"
"HOPE Eligible","2022-23","SCHOOL","689","Liberty County","0105","Bradwell Institute","334","135","40.42"
"HOPE Eligible","2022-23","SCHOOL","689","Liberty County","0192","Liberty County High School","249","97","38.96"
"HOPE Eligible","2022-23","DISTRICT","689","Liberty County","ALL","All Schools","583","232","39.79"
"HOPE Eligible","2022-23","SCHOOL","690","Lincoln County","0110","Lincoln County High School","75","41","54.67"
"HOPE Eligible","2022-23","DISTRICT","690","Lincoln County","ALL","All Schools","75","41","54.67"
"HOPE Eligible","2022-23","SCHOOL","691","Long County","0205","Long County High School","230","116","50.43"
"HOPE Eligible","2022-23","DISTRICT","691","Long County","ALL","All Schools","230","116","50.43"
"HOPE Eligible","2022-23","SCHOOL","692","Lowndes County","5050","Lowndes High School","640","386","60.31"
"HOPE Eligible","2022-23","DISTRICT","692","Lowndes County","ALL","All Schools","640","386","60.31"
"HOPE Eligible","2022-23","SCHOOL","693","Lumpkin County","0101","Lumpkin County High School","215","125","58.14"
"HOPE Eligible","2022-23","DISTRICT","693","Lumpkin County","ALL","All Schools","215","125","58.14"
"HOPE Eligible","2022-23","SCHOOL","694","Macon County","2060","Macon County High School","68","TFS","TFS"
"HOPE Eligible","2022-23","DISTRICT","694","Macon County","ALL","All Schools","68","TFS","TFS"
"HOPE Eligible","2022-23","SCHOOL","695","Madison County","5050","Madison County High School","278","121","43.53"
"HOPE Eligible","2022-23","DISTRICT","695","Madison County","ALL","All Schools","278","121","43.53"
"HOPE Eligible","2022-23","SCHOOL","696","Marion County","0275","Marion County Middle/High School","85","44","51.76"
"HOPE Eligible","2022-23","DISTRICT","696","Marion County","ALL","All Schools","85","44","51.76"
"HOPE Eligible","2022-23","SCHOOL","697","McDuffie County","0192","Thomson High School","224","88","39.29"
"HOPE Eligible","2022-23","DISTRICT","697","McDuffie County","ALL","All Schools","224","88","39.29"
"HOPE Eligible","2022-23","SCHOOL","698","McIntosh County","0104","McIntosh Academy","68","38","55.88"
"HOPE Eligible","2022-23","DISTRICT","698","McIntosh County","ALL","All Schools","68","38","55.88"
"HOPE Eligible","2022-23","SCHOOL","699","Meriwether County","0300","Greenville High School","53","19","35.85"
"HOPE Eligible","2022-23","SCHOOL","699","Meriwether County","4050","Manchester High School","62","30","48.39"
"HOPE Eligible","2022-23","DISTRICT","699","Meriwether County","ALL","All Schools","115","49","42.61"
"HOPE Eligible","2022-23","SCHOOL","700","Miller County","0210","Miller County High School","50","27","54"
"HOPE Eligible","2022-23","DISTRICT","700","Miller County","ALL","All Schools","50","27","54"
"HOPE Eligible","2022-23","SCHOOL","701","Mitchell County","0282","Mitchell County High School","96","40","41.67"
"HOPE Eligible","2022-23","DISTRICT","701","Mitchell County","ALL","All Schools","96","40","41.67"
"HOPE Eligible","2022-23","SCHOOL","702","Monroe County","0184","Mary Persons High School","282","137","48.58"
"HOPE Eligible","2022-23","DISTRICT","702","Monroe County","ALL","All Schools","282","137","48.58"
"HOPE Eligible","2022-23","SCHOOL","703","Montgomery County","0201","Montgomery County High School","53","28","52.83"
"HOPE Eligible","2022-23","DISTRICT","703","Montgomery County","ALL","All Schools","53","28","52.83"
"HOPE Eligible","2022-23","SCHOOL","704","Morgan County","1050","Morgan County High School","245","141","57.55"
"HOPE Eligible","2022-23","DISTRICT","704","Morgan County","ALL","All Schools","245","141","57.55"
"HOPE Eligible","2022-23","SCHOOL","705","Murray County","0108","Pleasant Valley Innovative School","48","TFS","TFS"
"HOPE Eligible","2022-23","SCHOOL","705","Murray County","0112","North Murray High School","206","87","42.23"
"HOPE Eligible","2022-23","SCHOOL","705","Murray County","0190","Murray County High School","200","99","49.5"
"HOPE Eligible","2022-23","DISTRICT","705","Murray County","ALL","All Schools","454","191","42.07"
"HOPE Eligible","2022-23","SCHOOL","706","Muscogee County","0203","Northside High School","337","196","58.16"
"HOPE Eligible","2022-23","SCHOOL","706","Muscogee County","0278","Shaw High School","202","65","32.18"
"HOPE Eligible","2022-23","SCHOOL","706","Muscogee County","0378","Spencer High School","164","43","26.22"
"HOPE Eligible","2022-23","SCHOOL","706","Muscogee County","0502","Rainey McCullers School of the Arts","45","37","82.22"
"HOPE Eligible","2022-23","SCHOOL","706","Muscogee County","1064","Kendrick High School","133","26","19.55"
"HOPE Eligible","2022-23","SCHOOL","706","Muscogee County","2062","Hardaway High School","202","75","37.13"
"HOPE Eligible","2022-23","SCHOOL","706","Muscogee County","3054","Columbus High School","269","244","90.71"
"HOPE Eligible","2022-23","SCHOOL","706","Muscogee County","5052","Carver High School","181","61","33.7"
"HOPE Eligible","2022-23","SCHOOL","706","Muscogee County","5062","Jordan Vocational High School","181","45","24.86"
"HOPE Eligible","2022-23","DISTRICT","706","Muscogee County","ALL","All Schools","1714","792","46.21"
"HOPE Eligible","2022-23","SCHOOL","707","Newton County","0173","Newton High School","526","230","43.73"
"HOPE Eligible","2022-23","SCHOOL","707","Newton County","0206","Alcovy High School","436","142","32.57"
"HOPE Eligible","2022-23","SCHOOL","707","Newton County","0295","Eastside High School","401","194","48.38"
"HOPE Eligible","2022-23","DISTRICT","707","Newton County","ALL","All Schools","1363","566","41.53"
"HOPE Eligible","2022-23","SCHOOL","708","Oconee County","0105","North Oconee High School","349","281","80.52"
"HOPE Eligible","2022-23","SCHOOL","708","Oconee County","0293","Oconee County High School","283","214","75.62"
"HOPE Eligible","2022-23","DISTRICT","708","Oconee County","ALL","All Schools","632","495","78.32"
"HOPE Eligible","2022-23","SCHOOL","709","Oglethorpe County","2050","Oglethorpe County High School","137","79","57.66"
"HOPE Eligible","2022-23","DISTRICT","709","Oglethorpe County","ALL","All Schools","137","79","57.66"
"HOPE Eligible","2022-23","SCHOOL","710","Paulding County","0101","Hiram High School","315","112","35.56"
"HOPE Eligible","2022-23","SCHOOL","710","Paulding County","0106","South Paulding High School","468","200","42.74"
"HOPE Eligible","2022-23","SCHOOL","710","Paulding County","0109","North Paulding High School","692","419","60.55"
"HOPE Eligible","2022-23","SCHOOL","710","Paulding County","0292","East Paulding High School","451","179","39.69"
"HOPE Eligible","2022-23","SCHOOL","710","Paulding County","2552","Paulding County High School","445","209","46.97"
"HOPE Eligible","2022-23","DISTRICT","710","Paulding County","ALL","All Schools","2371","1119","47.2"
"HOPE Eligible","2022-23","SCHOOL","711","Peach County","2052","Peach County High School","221","92","41.63"
"HOPE Eligible","2022-23","DISTRICT","711","Peach County","ALL","All Schools","221","92","41.63"
"HOPE Eligible","2022-23","SCHOOL","712","Pickens County","0198","Pickens County High School","242","128","52.89"
"HOPE Eligible","2022-23","DISTRICT","712","Pickens County","ALL","All Schools","242","128","52.89"
"HOPE Eligible","2022-23","SCHOOL","713","Pierce County","0182","Pierce County High School","227","102","44.93"
"HOPE Eligible","2022-23","DISTRICT","713","Pierce County","ALL","All Schools","227","102","44.93"
"HOPE Eligible","2022-23","SCHOOL","714","Pike County","0194","Pike County High School","261","162","62.07"
"HOPE Eligible","2022-23","SCHOOL","714","Pike County","0296","Zebulon High School","34","TFS","TFS"
"HOPE Eligible","2022-23","DISTRICT","714","Pike County","ALL","All Schools","295","162","54.92"
"HOPE Eligible","2022-23","SCHOOL","715","Polk County","0102","Rockmart High School","220","109","49.55"
"HOPE Eligible","2022-23","SCHOOL","715","Polk County","0207","Harpst Academy","TFS","TFS","TFS"
"HOPE Eligible","2022-23","SCHOOL","715","Polk County","5050","Cedartown High School","284","132","46.48"
"HOPE Eligible","2022-23","DISTRICT","715","Polk County","ALL","All Schools","508","241","47.44"
"HOPE Eligible","2022-23","SCHOOL","716","Pulaski County","2050","Hawkinsville High School","74","35","47.3"
"HOPE Eligible","2022-23","DISTRICT","716","Pulaski County","ALL","All Schools","74","35","47.3"
"HOPE Eligible","2022-23","SCHOOL","717","Putnam County","0114","Putnam County High School","191","71","37.17"
"HOPE Eligible","2022-23","DISTRICT","717","Putnam County","ALL","All Schools","191","71","37.17"
"HOPE Eligible","2022-23","SCHOOL","718","Quitman County","0110","Quitman County High School","24","TFS","TFS"
"HOPE Eligible","2022-23","DISTRICT","718","Quitman County","ALL","All Schools","24","TFS","TFS"
"HOPE Eligible","2022-23","SCHOOL","719","Rabun County","0177","Rabun County High School","131","69","52.67"
"HOPE Eligible","2022-23","DISTRICT","719","Rabun County","ALL","All Schools","131","69","52.67"
"HOPE Eligible","2022-23","SCHOOL","720","Randolph County","0201","Randolph Clay High School","43","TFS","TFS"
"HOPE Eligible","2022-23","DISTRICT","720","Randolph County","ALL","All Schools","43","TFS","TFS"
"HOPE Eligible","2022-23","SCHOOL","721","Richmond County","0100","Cross Creek High School","207","53","25.6"
"HOPE Eligible","2022-23","SCHOOL","721","Richmond County","0213","Richmond County Technical Career Magnet School","67","50","74.63"
"HOPE Eligible","2022-23","SCHOOL","721","Richmond County","1052","Butler High School","140","24","17.14"
"HOPE Eligible","2022-23","SCHOOL","721","Richmond County","2056","Hephzibah High School","204","58","28.43"
"HOPE Eligible","2022-23","SCHOOL","721","Richmond County","2574","Westside High School","187","51","27.27"
"HOPE Eligible","2022-23","SCHOOL","721","Richmond County","3054","Glenn Hills High School","155","13","8.39"
"HOPE Eligible","2022-23","SCHOOL","721","Richmond County","3556","Johnson Magnet","65","34","52.31"
"HOPE Eligible","2022-23","SCHOOL","721","Richmond County","3756","Josey High School","143","36","25.17"
"HOPE Eligible","2022-23","SCHOOL","721","Richmond County","4060","Academy of Richmond County High School","243","91","37.45"
"HOPE Eligible","2022-23","SCHOOL","721","Richmond County","4562","Davidson Magnet School","106","82","77.36"
"HOPE Eligible","2022-23","SCHOOL","721","Richmond County","5566","Laney High School","122","21","17.21"
"HOPE Eligible","2022-23","DISTRICT","721","Richmond County","ALL","All Schools","1639","513","31.3"
"HOPE Eligible","2022-23","SCHOOL","722","Rockdale County","0176","Heritage High School","435","179","41.15"
"HOPE Eligible","2022-23","SCHOOL","722","Rockdale County","0192","Salem High School","269","70","26.02"
"HOPE Eligible","2022-23","SCHOOL","722","Rockdale County","3052","Rockdale County High School","535","198","37.01"
"HOPE Eligible","2022-23","DISTRICT","722","Rockdale County","ALL","All Schools","1239","447","36.08"
"HOPE Eligible","2022-23","SCHOOL","723","Schley County","0101","Schley Middle High School","93","60","64.52"
"HOPE Eligible","2022-23","DISTRICT","723","Schley County","ALL","All Schools","93","60","64.52"
"HOPE Eligible","2022-23","SCHOOL","724","Screven County","4052","Screven County High School","112","47","41.96"
"HOPE Eligible","2022-23","DISTRICT","724","Screven County","ALL","All Schools","112","47","41.96"
"HOPE Eligible","2022-23","SCHOOL","725","Seminole County","0196","Seminole County Middle/High School","94","46","48.94"
"HOPE Eligible","2022-23","DISTRICT","725","Seminole County","ALL","All Schools","94","46","48.94"
"HOPE Eligible","2022-23","SCHOOL","726","Griffin-Spalding County","0101","Spalding High School","263","125","47.53"
"HOPE Eligible","2022-23","SCHOOL","726","Griffin-Spalding County","0187","Griffin High School","279","107","38.35"
"HOPE Eligible","2022-23","SCHOOL","726","Griffin-Spalding County","0208","AZ Kelsey Academy","19","TFS","TFS"
"HOPE Eligible","2022-23","DISTRICT","726","Griffin-Spalding County","ALL","All Schools","561","233","41.53"
"HOPE Eligible","2022-23","SCHOOL","727","Stephens County","5050","Stephens County High School","243","154","63.37"
"HOPE Eligible","2022-23","DISTRICT","727","Stephens County","ALL","All Schools","243","154","63.37"
"HOPE Eligible","2022-23","SCHOOL","728","Stewart County","0201","Stewart County High School","23","TFS","TFS"
"HOPE Eligible","2022-23","DISTRICT","728","Stewart County","ALL","All Schools","23","TFS","TFS"
"HOPE Eligible","2022-23","SCHOOL","729","Sumter County","0397","Sumter County High School","200","65","32.5"
"HOPE Eligible","2022-23","DISTRICT","729","Sumter County","ALL","All Schools","200","65","32.5"
"HOPE Eligible","2022-23","SCHOOL","730","Talbot County","0190","Central Elementary/High School","32","11","34.38"
"HOPE Eligible","2022-23","DISTRICT","730","Talbot County","ALL","All Schools","32","11","34.38"
"HOPE Eligible","2022-23","SCHOOL","731","Taliaferro County","0102","Taliaferro County School","12","TFS","TFS"
"HOPE Eligible","2022-23","DISTRICT","731","Taliaferro County","ALL","All Schools","12","TFS","TFS"
"HOPE Eligible","2022-23","SCHOOL","732","Tattnall County","0194","Tattnall County High School","219","99","45.21"
"HOPE Eligible","2022-23","DISTRICT","732","Tattnall County","ALL","All Schools","219","99","45.21"
"HOPE Eligible","2022-23","SCHOOL","733","Taylor County","0201","Taylor County High School","81","38","46.91"
"HOPE Eligible","2022-23","DISTRICT","733","Taylor County","ALL","All Schools","81","38","46.91"
"HOPE Eligible","2022-23","SCHOOL","734","Telfair County","0201","Telfair County High School","83","38","45.78"
"HOPE Eligible","2022-23","SCHOOL","734","Telfair County","0202","Telfair Alternative Preparation School","TFS","TFS","TFS"
"HOPE Eligible","2022-23","DISTRICT","734","Telfair County","ALL","All Schools","84","38","45.24"
"HOPE Eligible","2022-23","SCHOOL","735","Terrell County","0105","Terrell High School","84","24","28.57"
"HOPE Eligible","2022-23","DISTRICT","735","Terrell County","ALL","All Schools","84","24","28.57"
"HOPE Eligible","2022-23","SCHOOL","736","Thomas County","0100","Bishop Hall Charter School","80","TFS","TFS"
"HOPE Eligible","2022-23","SCHOOL","736","Thomas County","0191","Thomas County Central High School","261","127","48.66"
"HOPE Eligible","2022-23","DISTRICT","736","Thomas County","ALL","All Schools","341","135","39.59"
"HOPE Eligible","2022-23","SCHOOL","737","Tift County","0199","Tift County High School","498","178","35.74"
"HOPE Eligible","2022-23","DISTRICT","737","Tift County","ALL","All Schools","498","178","35.74"
"HOPE Eligible","2022-23","SCHOOL","738","Toombs County","0192","Toombs County High School","181","81","44.75"
"HOPE Eligible","2022-23","DISTRICT","738","Toombs County","ALL","All Schools","181","81","44.75"
"HOPE Eligible","2022-23","SCHOOL","739","Towns County","0204","Towns County High School","66","34","51.52"
"HOPE Eligible","2022-23","DISTRICT","739","Towns County","ALL","All Schools","66","34","51.52"
"HOPE Eligible","2022-23","SCHOOL","740","Treutlen County","0213","Treutlen Middle/High School","48","27","56.25"
"HOPE Eligible","2022-23","DISTRICT","740","Treutlen County","ALL","All Schools","48","27","56.25"
"HOPE Eligible","2022-23","SCHOOL","741","Troup County","0201","Callaway High School","203","73","35.96"
"HOPE Eligible","2022-23","SCHOOL","741","Troup County","0387","Troup County High School","308","100","32.47"
"HOPE Eligible","2022-23","SCHOOL","741","Troup County","1052","LaGrange High School","292","105","35.96"
"HOPE Eligible","2022-23","DISTRICT","741","Troup County","ALL","All Schools","803","278","34.62"
"HOPE Eligible","2022-23","SCHOOL","742","Turner County","3050","Turner County High School","69","28","40.58"
"HOPE Eligible","2022-23","DISTRICT","742","Turner County","ALL","All Schools","69","28","40.58"
"HOPE Eligible","2022-23","SCHOOL","743","Twiggs County","0201","Twiggs County High School","43","12","27.91"
"HOPE Eligible","2022-23","DISTRICT","743","Twiggs County","ALL","All Schools","43","12","27.91"
"HOPE Eligible","2022-23","SCHOOL","744","Union County","0101","Union County High School","171","100","58.48"
"HOPE Eligible","2022-23","SCHOOL","744","Union County","3050","Woody Gap High/Elementary School","TFS","TFS","TFS"
"HOPE Eligible","2022-23","DISTRICT","744","Union County","ALL","All Schools","174","101","58.05"
"HOPE Eligible","2022-23","SCHOOL","745","Thomaston-Upson County","0195","Upson-Lee High School","244","124","50.82"
"HOPE Eligible","2022-23","DISTRICT","745","Thomaston-Upson County","ALL","All Schools","244","124","50.82"
"HOPE Eligible","2022-23","SCHOOL","746","Walker County","0190","Ridgeland High School","270","109","40.37"
"HOPE Eligible","2022-23","SCHOOL","746","Walker County","0198","LaFayette High School","242","99","40.91"
"HOPE Eligible","2022-23","DISTRICT","746","Walker County","ALL","All Schools","512","208","40.63"
"HOPE Eligible","2022-23","SCHOOL","747","Walton County","0111","Walnut Grove High School","297","165","55.56"
"HOPE Eligible","2022-23","SCHOOL","747","Walton County","0199","Loganville High School","373","202","54.16"
"HOPE Eligible","2022-23","SCHOOL","747","Walton County","0205","Monroe Area High School","226","139","61.5"
"HOPE Eligible","2022-23","DISTRICT","747","Walton County","ALL","All Schools","896","506","56.47"
"HOPE Eligible","2022-23","SCHOOL","748","Ware County","0195","Ware County High School","299","134","44.82"
"HOPE Eligible","2022-23","DISTRICT","748","Ware County","ALL","All Schools","299","134","44.82"
"HOPE Eligible","2022-23","SCHOOL","749","Warren County","0205","Warren County High School","26","11","42.31"
"HOPE Eligible","2022-23","DISTRICT","749","Warren County","ALL","All Schools","26","11","42.31"
"HOPE Eligible","2022-23","SCHOOL","750","Washington County","1052","Washington County High School","196","126","64.29"
"HOPE Eligible","2022-23","DISTRICT","750","Washington County","ALL","All Schools","196","126","64.29"
"HOPE Eligible","2022-23","SCHOOL","751","Wayne County","0101","Wayne County High School","288","136","47.22"
"HOPE Eligible","2022-23","DISTRICT","751","Wayne County","ALL","All Schools","288","136","47.22"
"HOPE Eligible","2022-23","SCHOOL","752","Webster County","0108","Webster County High School","18","TFS","TFS"
"HOPE Eligible","2022-23","DISTRICT","752","Webster County","ALL","All Schools","18","TFS","TFS"
"HOPE Eligible","2022-23","SCHOOL","753","Wheeler County","3052","Wheeler County High School","58","28","48.28"
"HOPE Eligible","2022-23","DISTRICT","753","Wheeler County","ALL","All Schools","58","28","48.28"
"HOPE Eligible","2022-23","SCHOOL","754","White County","0105","White County High School","257","121","47.08"
"HOPE Eligible","2022-23","DISTRICT","754","White County","ALL","All Schools","257","121","47.08"
"HOPE Eligible","2022-23","SCHOOL","755","Whitfield County","0112","Coahulla Creek High School","206","111","53.88"
"HOPE Eligible","2022-23","SCHOOL","755","Whitfield County","0175","Northwest Whitfield County High School","264","184","69.7"
"HOPE Eligible","2022-23","SCHOOL","755","Whitfield County","0212","Phoenix High School","121","14","11.57"
"HOPE Eligible","2022-23","SCHOOL","755","Whitfield County","0275","Southeast Whitfield County High School","295","160","54.24"
"HOPE Eligible","2022-23","DISTRICT","755","Whitfield County","ALL","All Schools","886","469","52.93"
"HOPE Eligible","2022-23","SCHOOL","756","Wilcox County","0201","Wilcox County High School","71","36","50.7"
"HOPE Eligible","2022-23","DISTRICT","756","Wilcox County","ALL","All Schools","71","36","50.7"
"HOPE Eligible","2022-23","SCHOOL","757","Wilkes County","0110","Washington-Wilkes Comprehensive High School","63","23","36.51"
"HOPE Eligible","2022-23","DISTRICT","757","Wilkes County","ALL","All Schools","63","23","36.51"
"HOPE Eligible","2022-23","SCHOOL","758","Wilkinson County","3050","Wilkinson County High School","87","21","24.14"
"HOPE Eligible","2022-23","DISTRICT","758","Wilkinson County","ALL","All Schools","87","21","24.14"
"HOPE Eligible","2022-23","SCHOOL","759","Worth County","0176","Worth County High School","167","73","43.71"
"HOPE Eligible","2022-23","SCHOOL","759","Worth County","0197","Worth County Achievement Center","TFS","TFS","TFS"
"HOPE Eligible","2022-23","DISTRICT","759","Worth County","ALL","All Schools","171","74","43.27"
"HOPE Eligible","2022-23","SCHOOL","761","Atlanta Public Schools","0106","Carver High School Early College","107","35","32.71"
"HOPE Eligible","2022-23","SCHOOL","761","Atlanta Public Schools","0182","Benjamin E. Mays High School","280","92","32.86"
"HOPE Eligible","2022-23","SCHOOL","761","Atlanta Public Schools","0186","Maynard Jackson High School","305","131","42.95"
"HOPE Eligible","2022-23","SCHOOL","761","Atlanta Public Schools","0192","North Atlanta High School","564","353","62.59"
"HOPE Eligible","2022-23","SCHOOL","761","Atlanta Public Schools","0212","Kipp Atlanta Collegiate Charter School","173","71","41.04"
"HOPE Eligible","2022-23","SCHOOL","761","Atlanta Public Schools","0315","Booker T. Washington High School","167","40","23.95"
"HOPE Eligible","2022-23","SCHOOL","761","Atlanta Public Schools","0415","Atlanta Classical Academy","32","27","84.38"
"HOPE Eligible","2022-23","SCHOOL","761","Atlanta Public Schools","0515","Charles Drew Charter JA/SR Academy","123","73","59.35"
"HOPE Eligible","2022-23","SCHOOL","761","Atlanta Public Schools","1409","D. M. Therrell High School","182","46","25.27"
"HOPE Eligible","2022-23","SCHOOL","761","Atlanta Public Schools","1410","Corretta Scott King Young Womens' Leadership Academy","26","TFS","TFS"
"HOPE Eligible","2022-23","SCHOOL","761","Atlanta Public Schools","1411","B.E.S.T Academy","30","TFS","TFS"
"HOPE Eligible","2022-23","SCHOOL","761","Atlanta Public Schools","1412","South Atlanta High School","195","57","29.23"
"HOPE Eligible","2022-23","SCHOOL","761","Atlanta Public Schools","1413","Carver High School","91","16","17.58"
"HOPE Eligible","2022-23","SCHOOL","761","Atlanta Public Schools","4058","Frederick Douglass High School","187","42","22.46"
"HOPE Eligible","2022-23","SCHOOL","761","Atlanta Public Schools","4560","Midtown High School","372","256","68.82"
"HOPE Eligible","2022-23","DISTRICT","761","Atlanta Public Schools","ALL","All Schools","2834","1255","44.28"
"HOPE Eligible","2022-23","SCHOOL","763","Bremen City","0201","Bremen High School","157","128","81.53"
"HOPE Eligible","2022-23","DISTRICT","763","Bremen City","ALL","All Schools","157","128","81.53"
"HOPE Eligible","2022-23","SCHOOL","764","Buford City","0191","Buford High School","379","264","69.66"
"HOPE Eligible","2022-23","DISTRICT","764","Buford City","ALL","All Schools","379","264","69.66"
"HOPE Eligible","2022-23","SCHOOL","765","Calhoun City","3050","Calhoun High School","270","163","60.37"
"HOPE Eligible","2022-23","DISTRICT","765","Calhoun City","ALL","All Schools","270","163","60.37"
"HOPE Eligible","2022-23","SCHOOL","766","Carrollton City","1050","Carrollton High School","418","284","67.94"
"HOPE Eligible","2022-23","DISTRICT","766","Carrollton City","ALL","All Schools","418","284","67.94"
"HOPE Eligible","2022-23","SCHOOL","767","Cartersville City","2050","Cartersville High School","330","208","63.03"
"HOPE Eligible","2022-23","DISTRICT","767","Cartersville City","ALL","All Schools","330","208","63.03"
"HOPE Eligible","2022-23","SCHOOL","769","Chickamauga City","0211","Gordon Lee High School","108","85","78.7"
"HOPE Eligible","2022-23","DISTRICT","769","Chickamauga City","ALL","All Schools","108","85","78.7"
"HOPE Eligible","2022-23","SCHOOL","771","Commerce City","0112","Commerce High School","110","67","60.91"
"HOPE Eligible","2022-23","DISTRICT","771","Commerce City","ALL","All Schools","110","67","60.91"
"HOPE Eligible","2022-23","SCHOOL","772","Dalton Public Schools","0378","The Dalton Academy","100","25","25"
"HOPE Eligible","2022-23","SCHOOL","772","Dalton Public Schools","4050","Dalton High School","427","215","50.35"
"HOPE Eligible","2022-23","DISTRICT","772","Dalton Public Schools","ALL","All Schools","527","240","45.54"
"HOPE Eligible","2022-23","SCHOOL","773","City Schools of Decatur","3050","Decatur High School","411","327","79.56"
"HOPE Eligible","2022-23","DISTRICT","773","City Schools of Decatur","ALL","All Schools","411","327","79.56"
"HOPE Eligible","2022-23","SCHOOL","774","Dublin City","0211","Dublin High School","113","34","30.09"
"HOPE Eligible","2022-23","SCHOOL","774","Dublin City","0412","Moore Street Facility","19","TFS","TFS"
"HOPE Eligible","2022-23","DISTRICT","774","Dublin City","ALL","All Schools","132","34","25.76"
"HOPE Eligible","2022-23","SCHOOL","776","Gainesville City","3050","Gainesville High School","515","159","30.87"
"HOPE Eligible","2022-23","DISTRICT","776","Gainesville City","ALL","All Schools","515","159","30.87"
"HOPE Eligible","2022-23","SCHOOL","779","Jefferson City","0174","Jefferson High School","290","195","67.24"
"HOPE Eligible","2022-23","DISTRICT","779","Jefferson City","ALL","All Schools","290","195","67.24"
"HOPE Eligible","2022-23","SCHOOL","781","Marietta City","0101","Marietta High School","544","237","43.57"
"HOPE Eligible","2022-23","DISTRICT","781","Marietta City","ALL","All Schools","544","237","43.57"
"HOPE Eligible","2022-23","SCHOOL","7820108","State Charter Schools- Mountain Education Center S","0108","Mountain Education Charter High School","518","144","27.8"
"HOPE Eligible","2022-23","DISTRICT","7820108","State Charter Schools- Mountain Education Center S","ALL","All Schools","518","144","27.8"
"HOPE Eligible","2022-23","SCHOOL","7820120","State Charter Schools- Georgia Cyber Academy","0120","Georgia Cyber Academy (Virtual)","470","203","43.19"
"HOPE Eligible","2022-23","DISTRICT","7820120","State Charter Schools- Georgia Cyber Academy","ALL","All Schools","470","203","43.19"
"HOPE Eligible","2022-23","SCHOOL","7820412","State Charter Schools- Georgia Connections Academy","0412","Georgia Connections Academy (Virtual)","494","233","47.17"
"HOPE Eligible","2022-23","DISTRICT","7820412","State Charter Schools- Georgia Connections Academy","ALL","All Schools","494","233","47.17"
"HOPE Eligible","2022-23","SCHOOL","7820613","State Charter Schools- Foothills Charter High Scho","0613","Foothills Charter High School (Central Office - Athens)","310","52","16.77"
"HOPE Eligible","2022-23","DISTRICT","7820613","State Charter Schools- Foothills Charter High Scho","ALL","All Schools","310","52","16.77"
"HOPE Eligible","2022-23","SCHOOL","7820616","State Charter Schools- Georgia School for Innovati","0616","Georgia School for Innovation and the Classics","41","19","46.34"
"HOPE Eligible","2022-23","DISTRICT","7820616","State Charter Schools- Georgia School for Innovati","ALL","All Schools","41","19","46.34"
"HOPE Eligible","2022-23","SCHOOL","7820618","State Charter Schools- Coastal Plains Charter High","0618","Coastal Plains Charter High School","356","53","14.89"
"HOPE Eligible","2022-23","DISTRICT","7820618","State Charter Schools- Coastal Plains Charter High","ALL","All Schools","356","53","14.89"
"HOPE Eligible","2022-23","SCHOOL","7830103","State Charter Schools II- Statesboro STEAM Academy","0103","Statesboro STEAM Academy","19","14","73.68"
"HOPE Eligible","2022-23","DISTRICT","7830103","State Charter Schools II- Statesboro STEAM Academy","ALL","All Schools","19","14","73.68"
"HOPE Eligible","2022-23","SCHOOL","7830210","State Charter Schools II- Pataula Charter Academy","0210","Pataula Charter Academy","43","32","74.42"
"HOPE Eligible","2022-23","DISTRICT","7830210","State Charter Schools II- Pataula Charter Academy","ALL","All Schools","43","32","74.42"
"HOPE Eligible","2022-23","SCHOOL","7830310","State Charter Schools II- Fulton Leadership Academ","0310","Fulton Leadership Academy","20","TFS","TFS"
"HOPE Eligible","2022-23","DISTRICT","7830310","State Charter Schools II- Fulton Leadership Academ","ALL","All Schools","20","TFS","TFS"
"HOPE Eligible","2022-23","SCHOOL","7830623","State Charter Schools II- Academy For Classical Ed","0623","Academy For Classical Education","114","80","70.18"
"HOPE Eligible","2022-23","DISTRICT","7830623","State Charter Schools II- Academy For Classical Ed","ALL","All Schools","114","80","70.18"
"HOPE Eligible","2022-23","SCHOOL","7830626","State Charter Schools II- Furlow Charter School","0626","Furlow Charter School","29","13","44.83"
"HOPE Eligible","2022-23","DISTRICT","7830626","State Charter Schools II- Furlow Charter School","ALL","All Schools","29","13","44.83"
"HOPE Eligible","2022-23","SCHOOL","7830630","State Charter Schools II- Baconton Community Chart","0630","Baconton Community Charter School","38","35","92.11"
"HOPE Eligible","2022-23","DISTRICT","7830630","State Charter Schools II- Baconton Community Chart","ALL","All Schools","38","35","92.11"
"HOPE Eligible","2022-23","SCHOOL","7830634","State Charter Schools II- Georgia Fugees Academy C","0634","Georgia Fugees Academy Charter School","TFS","TFS","TFS"
"HOPE Eligible","2022-23","DISTRICT","7830634","State Charter Schools II- Georgia Fugees Academy C","ALL","All Schools","TFS","TFS","TFS"
"HOPE Eligible","2022-23","SCHOOL","784","Pelham City","0111","Pelham High School","92","30","32.61"
"HOPE Eligible","2022-23","DISTRICT","784","Pelham City","ALL","All Schools","92","30","32.61"
"HOPE Eligible","2022-23","SCHOOL","785","Rome City","0193","Rome High School","421","188","44.66"
"HOPE Eligible","2022-23","DISTRICT","785","Rome City","ALL","All Schools","421","188","44.66"
"HOPE Eligible","2022-23","SCHOOL","786","Social Circle City","0300","Social Circle High School","143","69","48.25"
"HOPE Eligible","2022-23","DISTRICT","786","Social Circle City","ALL","All Schools","143","69","48.25"
"HOPE Eligible","2022-23","SCHOOL","789","Thomasville City","4052","Thomasville High School","199","105","52.76"
"HOPE Eligible","2022-23","DISTRICT","789","Thomasville City","ALL","All Schools","199","105","52.76"
"HOPE Eligible","2022-23","SCHOOL","791","Trion City","0301","Trion High School","77","54","70.13"
"HOPE Eligible","2022-23","DISTRICT","791","Trion City","ALL","All Schools","77","54","70.13"
"HOPE Eligible","2022-23","SCHOOL","792","Valdosta City","0273","Valdosta High School","434","192","44.24"
"HOPE Eligible","2022-23","DISTRICT","792","Valdosta City","ALL","All Schools","434","192","44.24"
"HOPE Eligible","2022-23","SCHOOL","793","Vidalia City","0273","Vidalia Comprehensive High School","150","72","48"
"HOPE Eligible","2022-23","DISTRICT","793","Vidalia City","ALL","All Schools","150","72","48"
"HOPE Eligible","2022-23","SCHOOL","799","State Schools","1895","Georgia School for the Deaf","TFS","TFS","TFS"
"HOPE Eligible","2022-23","DISTRICT","799","State Schools","ALL","All Schools","TFS","TFS","TFS"
"HOPE Eligible","2022-23","SCHOOL","7991893","State Schools- Atlanta Area School for the Deaf","1893","Atlanta Area School for the Deaf","16","TFS","TFS"
"HOPE Eligible","2022-23","DISTRICT","7991893","State Schools- Atlanta Area School for the Deaf","ALL","All Schools","16","TFS","TFS"
"HOPE Eligible","2022-23","SCHOOL","7991894","State Schools- Georgia Academy for the Blind","1894","Georgia Academy for the Blind","13","TFS","TFS"
"HOPE Eligible","2022-23","DISTRICT","7991894","State Schools- Georgia Academy for the Blind","ALL","All Schools","13","TFS","TFS"
"HOPE Eligible","2022-23","SCHOOL","891","Department of Juvenile Justice","0104","Atlanta Youth Development Campus","TFS","TFS","TFS"
"HOPE Eligible","2022-23","SCHOOL","891","Department of Juvenile Justice","0405","Muscogee Youth Development Campus","TFS","TFS","TFS"
"HOPE Eligible","2022-23","SCHOOL","891","Department of Juvenile Justice","0598","Macon Youth Development Campus","TFS","TFS","TFS"
"HOPE Eligible","2022-23","SCHOOL","891","Department of Juvenile Justice","0898","Eastman Youth Development Campus","TFS","TFS","TFS"
"HOPE Eligible","2022-23","DISTRICT","891","Department of Juvenile Justice","ALL","All Schools","10","TFS","TFS"
"HOPE Eligible","2022-23","STATE","ALL","All Systems","ALL","All Schools","115709","57636","49.81"
